"KinID","KinName","KinGene","SubsProtein","SubsGene","Position","DataSource","Flanking","Quantification","ZScore","PValue","FDR"
"P63085","ERK2","Mapk1","A6H8H2","Dennd4c","S1221","PhosphoSitePlus","DSEDKLFsPVISRNL","0.768","0.768","0.443","1.00"
"P05132","PKACA","Prkaca","B2RQC6","Cad","S1406","Signor","GAGGRRLssFVTKGY","-0.478","-0.478","0.632","1.00"
"P05132","PKACA","Prkaca","B2RQC6","Cad","S1859","Signor","PPRIHRAsDPGLPAE","0.675","0.675","0.500","1.00"
"Q8BSK8","p70S6K","Rps6kb1","B2RQC6","Cad","S1859","Signor","PPRIHRAsDPGLPAE","0.675","0.675","0.500","1.00"
"Q60737","CK2A1","Csnk2a1","B2RS91","Rrn3","S168","Signor","KEGGIDVsDsDDEDD","-0.265","-0.265","0.791","1.00"
"Q60737","CK2A1","Csnk2a1","B2RS91","Rrn3","S170","Signor","GGIDVsDsDDEDDNL","-0.265","-0.265","0.791","1.00"
"P97377","CDK2","Cdk2","B2RS91","Rrn3","S42","Signor","LESDFFNsPPKKTVR","0.155","0.155","0.877","1.00"
"P63085","ERK2","Mapk1","D3YXK2","Safb","S366","PhosphoSitePlus","RAPtAALsPEPQDsK","0.087","0.087","0.931","1.00"
"P97377","CDK2","Cdk2","D3YZP9","Ccdc6","S237","Signor","QPVsAPPsPRDIsME","0.254","0.254","0.799","1.00"
"P05132","PKACA","Prkaca","E9Q5C9","Nolc1","S625","Signor","KKGERRAssPFRRVR","-0.047","-0.047","0.962","1.00"
"P05132","PKACA","Prkaca","E9Q5C9","Nolc1","S626","Signor","KGERRAssPFRRVRE","-0.111","-0.111","0.912","1.00"
"Q9JLN9","mTOR","Mtor","E9Q7G0","Numa1","S1974","PhosphoSitePlus","QQRKRVssEtHQGPG","0.189","0.189","0.850","1.00"
"Q9JLN9","mTOR","Mtor","E9Q7G0","Numa1","T1982","PhosphoSitePlus","EtHQGPGtPEsKKAT","-0.593","-0.593","0.553","1.00"
"Q9JLN9","mTOR","Mtor","E9Q9R9","Dlg5","S1209","PhosphoSitePlus","HRVLPCGsPPVPRDA","0.903","0.903","0.367","1.00"
"P63085","ERK2","Mapk1","F6ZDS4","Tpr","S2223","PhosphoSitePlus","GFAEAIHsPQVAGVP","-0.106","-0.106","0.916","1.00"
"P63085","ERK2","Mapk1","F6ZDS4","Tpr","T2205","PhosphoSitePlus","EDRTVPstPtLVVPH","0.191","0.191","0.848","1.00"
"Q9WV60","GSK3B","Gsk3b","O08553","Dpysl2","S518","Signor","ktVtPAssAktsPAk","-0.085","-0.085","0.932","1.00"
"Q9WV60","GSK3B","Gsk3b","O08553","Dpysl2","T509","PhosphoSitePlus","PVCEVsVtPktVtPA","-0.064","-0.064","0.949","1.00"
"Q2NL51","GSK3A","Gsk3a","O08553","Dpysl2","T514","PhosphoSitePlus","sVtPktVtPAssAkt","-0.085","-0.085","0.932","1.00"
"Q9WV60","GSK3B","Gsk3b","O08553","Dpysl2","T514","PhosphoSitePlus","sVtPktVtPAssAkt","-0.085","-0.085","0.932","1.00"
"P05132","PKACA","Prkaca","O08796","Eef2k","S365","Signor","sPRIRtLsSsRPPLL","-0.229","-0.229","0.819","1.00"
"P18653","p90RSK","Rps6ka1","O08796","Eef2k","S365","Signor","sPRIRtLsSsRPPLL","-0.229","-0.229","0.819","1.00"
"Q8BSK8","p70S6K","Rps6kb1","O08796","Eef2k","S365","Signor","sPRIRtLsSsRPPLL","-0.229","-0.229","0.819","1.00"
"O08911","P38G","Mapk12","O08796","Eef2k","S395","Signor","TFDsLPssPssATPH","-4.35","-4.35","0.0000136","0.000506"
"P47811","P38A","Mapk14","O08796","Eef2k","S395","Signor","TFDsLPssPssATPH","-4.35","-4.35","0.0000136","0.000506"
"P05132","PKACA","Prkaca","O09000","Ncoa3","S847","Signor","PPYNrAVsLDsPVSV","0.598","0.598","0.550","1.00"
"Q60680","IKKA","Chuk","O09000","Ncoa3","S847","Signor","PPYNrAVsLDsPVSV","0.598","0.598","0.550","1.00"
"Q60737","CK2A1","Csnk2a1","O09106","Hdac1","S421","Signor","IACEEEFsDsDEEGE","-0.194","-0.194","0.846","1.00"
"Q60737","CK2A1","Csnk2a1","O09106","Hdac1","S423","Signor","CEEEFsDsDEEGEGG","-0.194","-0.194","0.846","1.00"
"Q61831","JNK3","Mapk10","O35126","Atn1","S724","Signor","EEyEPPEsPVPPARs","-0.184","-0.184","0.854","1.00"
"Q9WTU6","JNK2","Mapk9","O35126","Atn1","S724","Signor","EEyEPPEsPVPPARs","-0.184","-0.184","0.854","1.00"
"P47811","P38A","Mapk14","O35737","Hnrnph1","S104","PhosphoSitePlus","LKHtGPNsPDtANDG","0.229","0.229","0.819","1.00"
"P63085","ERK2","Mapk1","O35737","Hnrnph1","S104","PhosphoSitePlus","LKHtGPNsPDtANDG","0.229","0.229","0.819","1.00"
"P05132","PKACA","Prkaca","O54724","Ptrf","S169","PhosphoSitePlus","VkLPAkLsVsksLkE","0.132","0.132","0.895","1.00"
"P05132","PKACA","Prkaca","O54724","Ptrf","S368","PhosphoSitePlus","tDLLRGssPDVHtLL","-0.474","-0.474","0.636","1.00"
"P05132","PKACA","Prkaca","O54724","Ptrf","T304","PhosphoSitePlus","DKLRksFtPDHVVyA","-0.578","-0.578","0.564","1.00"
"O54784","DAPK3","Dapk3","O54784","Dapk3","S301","Signor","AARLREYsLKSHssM","-0.417","-0.417","0.677","1.00"
"P47811","P38A","Mapk14","O55022","Pgrmc1","S181","PhosphoSitePlus","GEEPtVysDDEEPKD","0.08","0.08","0.936","1.00"
"P63085","ERK2","Mapk1","O55098","Stk10","T950","PhosphoSitePlus","EAEPRPTtPsKASNF","0.096","0.096","0.923","1.00"
"Q6ZQ29","TAO2","Taok2","O55131","Sept7","T425","PhosphoSitePlus","EQQnssRtLEKNKKK","-0.527","-0.527","0.598","1.00"
"Q5EG47","AMPKA1","Prkaa1","O70405","Ulk1","S555","PhosphoSitePlus","GLGCRLHsAPNLSDF","-0.051","-0.051","0.960","1.00"
"P11440","CDK1","Cdk1","O70405","Ulk1","S622","PhosphoSitePlus","PLPPILGsPtKAGPs","-0.009","-0.009","0.993","1.00"
"P11440","CDK1","Cdk1","O70405","Ulk1","S637","PhosphoSitePlus","FDFPKtPssQNLLTL","0.231","0.231","0.818","1.00"
"P63085","ERK2","Mapk1","O70475","Ugdh","T474","PhosphoSitePlus","SSKRIPytPGEIPkF","-0.515","-0.515","0.606","1.00"
"Q60737","CK2A1","Csnk2a1","O70480","Vamp4","S30","PhosphoSitePlus","RNLLEDDsDEEEDFF","0.007","0.007","0.995","1.00"
"P63085","ERK2","Mapk1","O70494","Sp3","S72","Signor","CSKIGPPsPGDDDEE","-0.313","-0.313","0.754","1.00"
"Q63844","ERK1","Mapk3","O70494","Sp3","S72","Signor","CSKIGPPsPGDDDEE","-0.313","-0.313","0.754","1.00"
"Q5EG47","AMPKA1","Prkaa1","O88447","Klc1","S520","PhosphoSitePlus","EsMEKRRsREsLNMD","0.249","0.249","0.803","1.00"
"Q9JLN9","mTOR","Mtor","O88477","Igf2bp1","S181","PhosphoSitePlus","RGQPRQGsPVAAGAP","-0.336","-0.336","0.737","1.00"
"P63085","ERK2","Mapk1","O88487","Dync1i2","S81","PhosphoSitePlus","PIVPPPMsPssKsVs","0.311","0.311","0.756","1.00"
"Q5EG47","AMPKA1","Prkaa1","O88487","Dync1i2","S81","PhosphoSitePlus","PIVPPPMsPssKsVs","0.311","0.311","0.756","1.00"
"Q8BRK8","AMPKA2","Prkaa2","O88487","Dync1i2","S81","PhosphoSitePlus","PIVPPPMsPssKsVs","0.311","0.311","0.756","1.00"
"P11440","CDK1","Cdk1","O88643","Pak1","T212","PhosphoSitePlus","VIEPLPVtPtRDVAt","0.625","0.625","0.532","1.00"
"P49615","CDK5","Cdk5","O88643","Pak1","T212","PhosphoSitePlus","VIEPLPVtPtRDVAt","0.625","0.625","0.532","1.00"
"P63085","ERK2","Mapk1","O88643","Pak1","T212","Signor","VIEPLPVtPtRDVAt","0.625","0.625","0.532","1.00"
"P05132","PKACA","Prkaca","O88667","Rrad","S26","PhosphoSitePlus","ERDRRrGstPWGPAP","-1.187","-1.187","0.235","1.00"
"P05132","PKACA","Prkaca","O88667","Rrad","S301","PhosphoSitePlus","AFRAKsKsCHDLSVL","-0.111","-0.111","0.911","1.00"
"P05132","PKACA","Prkaca","O88667","Rrad","S39","PhosphoSitePlus","APPLHRRsMPVDERD","-1.154","-1.154","0.249","1.00"
"P20444","PKCA","Prkca","O88792","F11r","S285","Signor","kVIysQPstRsEGEF","-0.405","-0.405","0.686","1.00"
"Q02956","PKCZ","Prkcz","O88792","F11r","S285","PhosphoSitePlus","kVIysQPstRsEGEF","-0.405","-0.405","0.686","1.00"
"P63085","ERK2","Mapk1","P01108","Myc","S62","Signor","LLPtPPLsPsRRsGL","0.075","0.075","0.940","1.00"
"Q63844","ERK1","Mapk3","P01108","Myc","S62","Signor","LLPtPPLsPsRRsGL","0.075","0.075","0.940","1.00"
"Q9WTU6","JNK2","Mapk9","P01108","Myc","S62","Signor","LLPtPPLsPsRRsGL","0.075","0.075","0.940","1.00"
"P11440","CDK1","Cdk1","P04184","Tk1","S13","Signor","LPTVLPssPSkTRGQ","-0.11","-0.11","0.912","1.00"
"P97377","CDK2","Cdk2","P04184","Tk1","S13","Signor","LPTVLPssPSkTRGQ","-0.11","-0.11","0.912","1.00"
"P05132","PKACA","Prkaca","P05480","Src","S17","Signor","DAsQRRRsLEPSENV","0.03","0.03","0.976","1.00"
"P05480","Src iso1","Src","P05480","Src","Y535","Signor","FTSTEPQyQPGENL_","-0.176","-0.176","0.860","1.00"
"P14234","FGR","Fgr","P05480","Src","Y535","Signor","FTSTEPQyQPGENL_","-0.176","-0.176","0.860","1.00"
"P41241","CSK","Csk","P05480","Src","Y535","PhosphoSitePlus","FTSTEPQyQPGENL_","-0.176","-0.176","0.860","1.00"
"P63085","ERK2","Mapk1","P05627","Jun","S246","PhosphoSitePlus","PGEtPPLsPIDMESQ","-0.46","-0.46","0.645","1.00"
"Q2NL51","GSK3A","Gsk3a","P05627","Jun","S246","Signor","PGEtPPLsPIDMESQ","-0.46","-0.46","0.645","1.00"
"Q5U4C9","DYRK2","Dyrk2","P05627","Jun","S246","Signor","PGEtPPLsPIDMESQ","-0.46","-0.46","0.645","1.00"
"Q9JLN9","mTOR","Mtor","P05627","Jun","S246","PhosphoSitePlus","PGEtPPLsPIDMESQ","-0.46","-0.46","0.645","1.00"
"Q9WV60","GSK3B","Gsk3b","P05627","Jun","S246","PhosphoSitePlus","PGEtPPLsPIDMESQ","-0.46","-0.46","0.645","1.00"
"Q61831","JNK3","Mapk10","P05627","Jun","S63","PhosphoSitePlus","kNsDLLtsPDVGLLK","0.068","0.068","0.946","1.00"
"Q63844","ERK1","Mapk3","P05627","Jun","S63","PhosphoSitePlus","kNsDLLtsPDVGLLK","0.068","0.068","0.946","1.00"
"Q91Y86","JNK1","Mapk8","P05627","Jun","S63","PhosphoSitePlus","kNsDLLtsPDVGLLK","0.068","0.068","0.946","1.00"
"Q9WTU6","JNK2","Mapk9","P05627","Jun","S63","PhosphoSitePlus","kNsDLLtsPDVGLLK","0.068","0.068","0.946","1.00"
"Q2NL51","GSK3A","Gsk3a","P05627","Jun","T242","Signor","VPEMPGEtPPLsPID","-0.46","-0.46","0.645","1.00"
"Q9JLN9","mTOR","Mtor","P05627","Jun","T242","PhosphoSitePlus","VPEMPGEtPPLsPID","-0.46","-0.46","0.645","1.00"
"Q9WV60","GSK3B","Gsk3b","P05627","Jun","T242","PhosphoSitePlus","VPEMPGEtPPLsPID","-0.46","-0.46","0.645","1.00"
"Q60737","CK2A1","Csnk2a1","P06795","Abcb1","S681","PhosphoSitePlus","QDQERRLsMKEAVDE","-0.532","-0.532","0.594","1.00"
"P05480","Src iso1","Src","P07356","Anxa2","Y24","Signor","HstPPsAyGsVKPyt","0.517","0.517","0.605","1.00"
"Q60737","CK2A1","Csnk2a1","P07901","Hsp90aa1","S231","Signor","kERDKEVsDDEAEEK","0.738","0.738","0.460","1.00"
"Q60737","CK2A1","Csnk2a1","P07901","Hsp90aa1","S263","Signor","PEIEDVGsDEEEEEK","0.587","0.587","0.557","1.00"
"P63085","ERK2","Mapk1","P08775","Polr2a","S1913","Signor","sPkysPtsPtysPts","-0.127","-0.127","0.899","1.00"
"Q03147","CDK7","Cdk7","P08775","Polr2a","S1913","Signor","sPkysPtsPtysPts","-0.127","-0.127","0.899","1.00"
"Q63844","ERK1","Mapk3","P08775","Polr2a","S1913","Signor","sPkysPtsPtysPts","-0.127","-0.127","0.899","1.00"
"P63085","ERK2","Mapk1","P09450","Junb","S256","PhosphoSitePlus","RDAtPPVsPINMEDQ","0.474","0.474","0.635","1.00"
"Q63844","ERK1","Mapk3","P09450","Junb","S256","PhosphoSitePlus","RDAtPPVsPINMEDQ","0.474","0.474","0.635","1.00"
"P11440","CDK1","Cdk1","P11157","Rrm2","S20","PhosphoSitePlus","DQQQLQLsPLKRLTL","-0.019","-0.019","0.985","1.00"
"Q03147","CDK7","Cdk7","P11440","Cdk1","T161","Signor","GIPIRVytHEVVTLW","0.073","0.073","0.942","1.00"
"P11440","CDK1","Cdk1","P11440","Cdk1","Y15","PhosphoSitePlus","EKIGEGtyGVVyKGR","-0.24","-0.24","0.810","1.00"
"P47810","Wee1","Wee1","P11440","Cdk1","Y15","PhosphoSitePlus","EKIGEGtyGVVyKGR","-0.24","-0.24","0.810","1.00"
"P70424","HER2","Erbb2","P11440","Cdk1","Y15","Signor","EKIGEGtyGVVyKGR","-0.24","-0.24","0.810","1.00"
"Q66JT0","WEE1B","Wee2","P11440","Cdk1","Y15","PhosphoSitePlus","EKIGEGtyGVVyKGR","-0.24","-0.24","0.810","1.00"
"Q60737","CK2A1","Csnk2a1","P11499","Hsp90ab1","S226","Signor","kEREKEIsDDEAEEE","0.669","0.669","0.503","1.00"
"Q60737","CK2A1","Csnk2a1","P11499","Hsp90ab1","S255","Signor","PKIEDVGsDEEDDsG","0.302","0.302","0.763","1.00"
"P16054","PKCE","Prkce","P11679","Krt8","S24","PhosphoSitePlus","PrAFssRsFtsGPGA","0.116","0.116","0.908","1.00"
"P11440","CDK1","Cdk1","P11679","Krt8","S438","Signor","SSYGGLTsPGFSYGM","0.778","0.778","0.437","1.00"
"P47811","P38A","Mapk14","P11679","Krt8","S438","PhosphoSitePlus","SSYGGLTsPGFSYGM","0.778","0.778","0.437","1.00"
"P63085","ERK2","Mapk1","P11679","Krt8","S438","Signor","SSYGGLTsPGFSYGM","0.778","0.778","0.437","1.00"
"Q63844","ERK1","Mapk3","P11679","Krt8","S438","Signor","SSYGGLTsPGFSYGM","0.778","0.778","0.437","1.00"
"P16054","PKCE","Prkce","P11679","Krt8","S47","PhosphoSitePlus","RVGsssssFRGSMGT","0.198","0.198","0.843","1.00"
"O08911","P38G","Mapk12","P11679","Krt8","S80","Signor","TVNQSLLsPLkLEVD","0.882","0.882","0.378","1.00"
"P28867","PKCD","Prkcd","P11679","Krt8","S80","Signor","TVNQSLLsPLkLEVD","0.882","0.882","0.378","1.00"
"P47811","P38A","Mapk14","P11679","Krt8","S80","PhosphoSitePlus","TVNQSLLsPLkLEVD","0.882","0.882","0.378","1.00"
"Q9WUI1","P38B","Mapk11","P11679","Krt8","S80","Signor","TVNQSLLsPLkLEVD","0.882","0.882","0.378","1.00"
"P11440","CDK1","Cdk1","P13405","Rb1","S243","Signor","AAIPINGsPRtPRRG","-0.357","-0.357","0.721","1.00"
"P30285","CDK4","Cdk4","P13405","Rb1","S243","PhosphoSitePlus","AAIPINGsPRtPRRG","-0.357","-0.357","0.721","1.00"
"Q64261","CDK6","Cdk6","P13405","Rb1","S243","PhosphoSitePlus","AAIPINGsPRtPRRG","-0.357","-0.357","0.721","1.00"
"P11440","CDK1","Cdk1","P13405","Rb1","T367","Signor","ANVVtPHtPVRTVMN","-0.682","-0.682","0.495","1.00"
"Q9JLN9","mTOR","Mtor","P14873","Map1b","S1260","PhosphoSitePlus","sLsPsPPsPIEKtPL","0.786","0.786","0.432","1.00"
"Q9WV60","GSK3B","Gsk3b","P14873","Map1b","S1260","PhosphoSitePlus","sLsPsPPsPIEKtPL","0.786","0.786","0.432","1.00"
"P63085","ERK2","Mapk1","P14873","Map1b","T1784","PhosphoSitePlus","ksDIsPLtPREssPL","0.517","0.517","0.605","1.00"
"P63085","ERK2","Mapk1","P15066","Jund","S100","PhosphoSitePlus","LGLLKLAsPELERLI","-0.103","-0.103","0.918","1.00"
"Q63844","ERK1","Mapk3","P15066","Jund","S100","Signor","LGLLKLAsPELERLI","-0.103","-0.103","0.918","1.00"
"P11440","CDK1","Cdk1","P15532","Nme1","S120","Signor","GRNIIHGsDsVksAE","-0.258","-0.258","0.797","1.00"
"Q60737","CK2A1","Csnk2a1","P17095","Hmga1","S102","Signor","EEGIsQEssEEEQ__","1.31","1.31","0.190","1.00"
"Q60737","CK2A1","Csnk2a1","P17095","Hmga1","S103","Signor","EGIsQEssEEEQ___","1.31","1.31","0.190","1.00"
"P11440","CDK1","Cdk1","P17095","Hmga1","S36","Signor","PRKQPPVsPGtALVG","0.921","0.921","0.357","1.00"
"P97377","CDK2","Cdk2","P17095","Hmga1","S36","Signor","PRKQPPVsPGtALVG","0.921","0.921","0.357","1.00"
"Q9QZR5","HIPK2","Hipk2","P17095","Hmga1","S36","Signor","PRKQPPVsPGtALVG","0.921","0.921","0.357","1.00"
"Q60737","CK2A1","Csnk2a1","P17095","Hmga1","S99","Signor","KEEEEGIsQEssEEE","1.31","1.31","0.190","1.00"
"P11440","CDK1","Cdk1","P17095","Hmga1","T53","Signor","kEPsEVPtPKRPRGR","0.921","0.921","0.357","1.00"
"Q9QZR5","HIPK2","Hipk2","P17095","Hmga1","T53","Signor","kEPsEVPtPKRPRGR","0.921","0.921","0.357","1.00"
"P18654","RSK2","Rps6ka3","P18608","Hmgn1","S24","Signor","KRRsARLsAkPAPAk","2.701","2.701","0.00691","0.0947"
"P20444","PKCA","Prkca","P18608","Hmgn1","S24","Signor","KRRsARLsAkPAPAk","2.701","2.701","0.00691","0.0947"
"Q8C050","MSK1","Rps6ka5","P18608","Hmgn1","S24","PhosphoSitePlus","KRRsARLsAkPAPAk","2.701","2.701","0.00691","0.0947"
"P18653","p90RSK","Rps6ka1","P18608","Hmgn1","S7","PhosphoSitePlus","_MPKRKVsADGAAkA","-0.059","-0.059","0.953","1.00"
"P18654","RSK2","Rps6ka3","P18608","Hmgn1","S7","PhosphoSitePlus","_MPKRKVsADGAAkA","-0.059","-0.059","0.953","1.00"
"Q8C050","MSK1","Rps6ka5","P18608","Hmgn1","S7","PhosphoSitePlus","_MPKRKVsADGAAkA","-0.059","-0.059","0.953","1.00"
"Q60737","CK2A1","Csnk2a1","P18608","Hmgn1","S95","Signor","EEEkEAksD______","0.403","0.403","0.687","1.00"
"P18653","p90RSK","Rps6ka1","P18653","Rps6ka1","S221","Signor","DHEKKAysFCGtVEy","-1.379","-1.379","0.168","1.00"
"P63085","ERK2","Mapk1","P18653","Rps6ka1","S221","Signor","DHEKKAysFCGtVEy","-1.379","-1.379","0.168","1.00"
"Q63844","ERK1","Mapk3","P18653","Rps6ka1","S221","Signor","DHEKKAysFCGtVEy","-1.379","-1.379","0.168","1.00"
"Q9Z2A0","PDK1","Pdpk1","P18653","Rps6ka1","S221","Signor","DHEKKAysFCGtVEy","-1.379","-1.379","0.168","1.00"
"P63085","ERK2","Mapk1","P18653","Rps6ka1","S352","Signor","TSRtPRDsPGIPPsA","2.701","2.701","0.00691","0.0947"
"Q63844","ERK1","Mapk3","P18653","Rps6ka1","S352","Signor","TSRtPRDsPGIPPsA","2.701","2.701","0.00691","0.0947"
"Q9Z2A0","PDK1","Pdpk1","P18654","Rps6ka3","S369","PhosphoSitePlus","TAKtPKDsPGIPPsA","-0.537","-0.537","0.591","1.00"
"P18654","RSK2","Rps6ka3","P18654","Rps6ka3","S386","PhosphoSitePlus","HQLFRGFsFVAITSD","0.165","0.165","0.869","1.00"
"P49138","MAPKAPK2","Mapkapk2","P18654","Rps6ka3","S386","PhosphoSitePlus","HQLFRGFsFVAITSD","0.165","0.165","0.869","1.00"
"P63085","ERK2","Mapk1","P18654","Rps6ka3","S386","PhosphoSitePlus","HQLFRGFsFVAITSD","0.165","0.165","0.869","1.00"
"Q63844","ERK1","Mapk3","P18654","Rps6ka3","S386","PhosphoSitePlus","HQLFRGFsFVAITSD","0.165","0.165","0.869","1.00"
"Q9Z2A0","PDK1","Pdpk1","P18654","Rps6ka3","S386","PhosphoSitePlus","HQLFRGFsFVAITSD","0.165","0.165","0.869","1.00"
"P63085","ERK2","Mapk1","P18654","Rps6ka3","T577","PhosphoSitePlus","AENGLLMtPCYtANF","-0.329","-0.329","0.742","1.00"
"Q63844","ERK1","Mapk3","P18654","Rps6ka3","T577","Signor","AENGLLMtPCYtANF","-0.329","-0.329","0.742","1.00"
"Q9Z2A0","PDK1","Pdpk1","P18654","Rps6ka3","T577","PhosphoSitePlus","AENGLLMtPCYtANF","-0.329","-0.329","0.742","1.00"
"P20444","PKCA","Prkca","P18760","Cfl1","S24","Signor","DMkVRKSstPEEVKk","-0.129","-0.129","0.898","1.00"
"P63085","ERK2","Mapk1","P18760","Cfl1","T25","PhosphoSitePlus","MkVRKSstPEEVKkR","0.382","0.382","0.703","1.00"
"Q63844","ERK1","Mapk3","P18760","Cfl1","T25","PhosphoSitePlus","MkVRKSstPEEVKkR","0.382","0.382","0.703","1.00"
"P20444","PKCA","Prkca","P20152","Vim","S10","PhosphoSitePlus","TRsVssssYRRMFGG","0.127","0.127","0.899","1.00"
"P20444","PKCA","Prkca","P20152","Vim","S34","PhosphoSitePlus","NRsYVTTsTRTysLG","0.293","0.293","0.770","1.00"
"O70126","AurB","Aurkb","P20152","Vim","S39","PhosphoSitePlus","TTsTRTysLGsALRP","0.954","0.954","0.340","1.00"
"P05132","PKACA","Prkaca","P20152","Vim","S39","PhosphoSitePlus","TTsTRTysLGsALRP","0.954","0.954","0.340","1.00"
"P11798","CAMK2A","Camk2a","P20152","Vim","S39","PhosphoSitePlus","TTsTRTysLGsALRP","0.954","0.954","0.340","1.00"
"P20444","PKCA","Prkca","P20152","Vim","S39","PhosphoSitePlus","TTsTRTysLGsALRP","0.954","0.954","0.340","1.00"
"P31750","Akt1","Akt1","P20152","Vim","S39","Signor","TTsTRTysLGsALRP","0.954","0.954","0.340","1.00"
"Q8CIN4","PAK2","Pak2","P20152","Vim","S39","Signor","TTsTRTysLGsALRP","0.954","0.954","0.340","1.00"
"P20444","PKCA","Prkca","P20152","Vim","S42","PhosphoSitePlus","TRTysLGsALRPsts","0.293","0.293","0.770","1.00"
"Q07832","PLK1","Plk1","P20152","Vim","S459","PhosphoSitePlus","GQVINEtsQHHDDLE","0.465","0.465","0.642","1.00"
"O70126","AurB","Aurkb","P20152","Vim","S47","PhosphoSitePlus","LGsALRPstsRsLys","0.682","0.682","0.495","1.00"
"P05132","PKACA","Prkaca","P20152","Vim","S47","PhosphoSitePlus","LGsALRPstsRsLys","0.682","0.682","0.495","1.00"
"P05132","PKACA","Prkaca","P20152","Vim","S51","PhosphoSitePlus","LRPstsRsLysssPG","0.45","0.45","0.653","1.00"
"P20444","PKCA","Prkca","P20152","Vim","S51","PhosphoSitePlus","LRPstsRsLysssPG","0.45","0.45","0.653","1.00"
"P11440","CDK1","Cdk1","P20152","Vim","S55","Signor","tsRsLysssPGGAyV","-1.353","-1.353","0.176","1.00"
"O88643","PAK1","Pak1","P20152","Vim","S56","Signor","sRsLysssPGGAyVt","0.385","0.385","0.701","1.00"
"P11440","CDK1","Cdk1","P20152","Vim","S56","PhosphoSitePlus","sRsLysssPGGAyVt","0.385","0.385","0.701","1.00"
"O70126","AurB","Aurkb","P20152","Vim","S73","PhosphoSitePlus","sAVRLRssVPGVRLL","0.139","0.139","0.890","1.00"
"Q8CIN4","PAK2","Pak2","P20152","Vim","S73","Signor","sAVRLRssVPGVRLL","0.139","0.139","0.890","1.00"
"P11798","CAMK2A","Camk2a","P20152","Vim","S83","PhosphoSitePlus","GVRLLQDsVdFsLAD","0.706","0.706","0.480","1.00"
"Q07832","PLK1","Plk1","P20152","Vim","S83","PhosphoSitePlus","GVRLLQDsVdFsLAD","0.706","0.706","0.480","1.00"
"Q6PHZ2","CAMK2D","Camk2d","P20152","Vim","S83","Signor","GVRLLQDsVdFsLAD","0.706","0.706","0.480","1.00"
"P05480","Src iso1","Src","P20152","Vim","Y117","PhosphoSitePlus","LNDRFANyIDkVRFL","1.199","1.199","0.231","1.00"
"P05480","Src iso1","Src","P20152","Vim","Y53","PhosphoSitePlus","PstsRsLysssPGGA","0.578","0.578","0.563","1.00"
"P05132","PKACA","Prkaca","P20357","Map2","S1783","Signor","GAEIItQsPsRssVA","0.29","0.29","0.772","1.00"
"Q8VHJ5","MARK1","Mark1","P20357","Map2","S1796","Signor","VAsPRRLsNVsssGs","0.038","0.038","0.970","1.00"
"Q8VHJ5","MARK1","Mark1","P20357","Map2","S1800","Signor","RRLsNVsssGsINLL","0.047","0.047","0.963","1.00"
"Q8VHJ5","MARK1","Mark1","P20357","Map2","S1803","Signor","sNVsssGsINLLEsP","0.047","0.047","0.963","1.00"
"P20444","PKCA","Prkca","P20444","Prkca","T638","Signor","TRGQPVLtPPDQLVI","-0.275","-0.275","0.783","1.00"
"P63085","ERK2","Mapk1","P20444","Prkca","T638","PhosphoSitePlus","TRGQPVLtPPDQLVI","-0.275","-0.275","0.783","1.00"
"Q63844","ERK1","Mapk3","P20444","Prkca","T638","PhosphoSitePlus","TRGQPVLtPPDQLVI","-0.275","-0.275","0.783","1.00"
"P20444","PKCA","Prkca","P22682","Cbl","S617","Signor","RELTNRHsLPFsLPS","0.234","0.234","0.815","1.00"
"P49138","MAPKAPK2","Mapkapk2","P22893","Zfp36","S178","PhosphoSitePlus","HVLRQsIsFsGLPsG","2.701","2.701","0.00691","0.0947"
"Q3UMW7","MAPKAPK3","Mapkapk3","P22893","Zfp36","S178","PhosphoSitePlus","HVLRQsIsFsGLPsG","2.701","2.701","0.00691","0.0947"
"P05132","PKACA","Prkaca","P23198","Cbx3","S93","Signor","KDGTKRKsLsDsEsD","0.554","0.554","0.580","1.00"
"P63085","ERK2","Mapk1","P23242","Gja1","S255","PhosphoSitePlus","HAtTGPLsPskDCGs","0.575","0.575","0.565","1.00"
"Q63844","ERK1","Mapk3","P23242","Gja1","S255","Signor","HAtTGPLsPskDCGs","0.575","0.575","0.565","1.00"
"Q9WVS8","ERK5","Mapk7","P23242","Gja1","S255","Signor","HAtTGPLsPskDCGs","0.575","0.575","0.565","1.00"
"P16054","PKCE","Prkce","P23242","Gja1","S365","Signor","IVDQRPssRAssRAs","-0.09","-0.09","0.928","1.00"
"P05480","Src iso1","Src","P23242","Gja1","Y247","Signor","VKGRSDPyHAtTGPL","-4.35","-4.35","0.0000136","0.000506"
"P31750","Akt1","Akt1","P23950","Zfp36l1","S92","Signor","RFRDRsFsEGGERLL","0.652","0.652","0.515","1.00"
"P49138","MAPKAPK2","Mapkapk2","P23950","Zfp36l1","S92","Signor","RFRDRsFsEGGERLL","0.652","0.652","0.515","1.00"
"Q03147","CDK7","Cdk7","P24788","Cdk11b","T584","Signor","GsPLKAytPVVVTLW","0.185","0.185","0.854","1.00"
"Q62388","ATM","Atm","P25206","Mcm3","S732","PhosphoSitePlus","sQEKtDDsQEtQDsQ","-0.193","-0.193","0.847","1.00"
"Q9JKK8","ATR","Atr","P25206","Mcm3","S732","PhosphoSitePlus","sQEKtDDsQEtQDsQ","-0.193","-0.193","0.847","1.00"
"P11440","CDK1","Cdk1","P25206","Mcm3","T719","PhosphoSitePlus","tQMPQVHtPKtDDsQ","-0.28","-0.28","0.780","1.00"
"P97377","CDK2","Cdk2","P25206","Mcm3","T719","Signor","tQMPQVHtPKtDDsQ","-0.28","-0.28","0.780","1.00"
"P49615","CDK5","Cdk5","P26039","Tln1","S425","Signor","TMLEDSVsPKkstVL","0.121","0.121","0.904","1.00"
"O55098","LOK","Stk10","P26041","Msn","T558","PhosphoSitePlus","LGRDKYKtLRQIRQG","-0.557","-0.557","0.577","1.00"
"P70335","ROCK1","Rock1","P26041","Msn","T558","PhosphoSitePlus","LGRDKYKtLRQIRQG","-0.557","-0.557","0.577","1.00"
"P70336","ROCK2","Rock2","P26041","Msn","T558","PhosphoSitePlus","LGRDKYKtLRQIRQG","-0.557","-0.557","0.577","1.00"
"Q02111","PKCT","Prkcq","P26041","Msn","T558","Signor","LGRDKYKtLRQIRQG","-0.557","-0.557","0.577","1.00"
"Q60737","CK2A1","Csnk2a1","P26231","Ctnna1","S641","Signor","tPEELDDsDFEtEDF","-4.35","-4.35","0.0000136","0.000506"
"P05132","PKACA","Prkaca","P26645","Marcks","S152","PhosphoSitePlus","kkKKKRFsFKKsFkL","-0.312","-0.312","0.755","1.00"
"P20444","PKCA","Prkca","P26645","Marcks","S152","Signor","kkKKKRFsFKKsFkL","-0.312","-0.312","0.755","1.00"
"P28867","PKCD","Prkcd","P26645","Marcks","S152","Signor","kkKKKRFsFKKsFkL","-0.312","-0.312","0.755","1.00"
"P68404","PKCB iso2","Prkcb","P26645","Marcks","S152","Signor","kkKKKRFsFKKsFkL","-0.312","-0.312","0.755","1.00"
"P70268","PKN1","Pkn1","P26645","Marcks","S152","PhosphoSitePlus","kkKKKRFsFKKsFkL","-0.312","-0.312","0.755","1.00"
"P70335","ROCK1","Rock1","P26645","Marcks","S152","PhosphoSitePlus","kkKKKRFsFKKsFkL","-0.312","-0.312","0.755","1.00"
"P05132","PKACA","Prkaca","P26645","Marcks","S156","PhosphoSitePlus","KRFsFKKsFkLsGFs","-0.756","-0.756","0.450","1.00"
"P20444","PKCA","Prkca","P26645","Marcks","S156","Signor","KRFsFKKsFkLsGFs","-0.756","-0.756","0.450","1.00"
"P28867","PKCD","Prkcd","P26645","Marcks","S156","Signor","KRFsFKKsFkLsGFs","-0.756","-0.756","0.450","1.00"
"P68404","PKCB iso2","Prkcb","P26645","Marcks","S156","Signor","KRFsFKKsFkLsGFs","-0.756","-0.756","0.450","1.00"
"P70268","PKN1","Pkn1","P26645","Marcks","S156","PhosphoSitePlus","KRFsFKKsFkLsGFs","-0.756","-0.756","0.450","1.00"
"P05132","PKACA","Prkaca","P26645","Marcks","S160","PhosphoSitePlus","FKKsFkLsGFsFKKs","-0.351","-0.351","0.725","1.00"
"P05132","PKACA","Prkaca","P26645","Marcks","S163","PhosphoSitePlus","sFkLsGFsFKKsKKE","-0.225","-0.225","0.822","1.00"
"P20444","PKCA","Prkca","P26645","Marcks","S163","Signor","sFkLsGFsFKKsKKE","-0.225","-0.225","0.822","1.00"
"P28867","PKCD","Prkcd","P26645","Marcks","S163","Signor","sFkLsGFsFKKsKKE","-0.225","-0.225","0.822","1.00"
"P68404","PKCB iso2","Prkcb","P26645","Marcks","S163","Signor","sFkLsGFsFKKsKKE","-0.225","-0.225","0.822","1.00"
"P70268","PKN1","Pkn1","P26645","Marcks","S163","PhosphoSitePlus","sFkLsGFsFKKsKKE","-0.225","-0.225","0.822","1.00"
"P47811","P38A","Mapk14","P26687","Twist1","S68","Signor","GGGDEPGsPAQGKRG","0.563","0.563","0.573","1.00"
"P63085","ERK2","Mapk1","P26687","Twist1","S68","Signor","GGGDEPGsPAQGKRG","0.563","0.563","0.573","1.00"
"Q63844","ERK1","Mapk3","P26687","Twist1","S68","Signor","GGGDEPGsPAQGKRG","0.563","0.563","0.573","1.00"
"Q9WUI1","P38B","Mapk11","P26687","Twist1","S68","Signor","GGGDEPGsPAQGKRG","0.563","0.563","0.573","1.00"
"Q5EG47","AMPKA1","Prkaa1","P28028","Braf","S766","PhosphoSitePlus","PKIHRSAsEPsLNRA","-0.113","-0.113","0.910","1.00"
"P63318","PKCG","Prkcg","P28667","Marcksl1","S104","PhosphoSitePlus","PFKLsGLsFkRNRkE","0.3","0.3","0.764","1.00"
"P63318","PKCG","Prkcg","P28667","Marcksl1","S93","PhosphoSitePlus","PKKKKKFsFKKPFKL","0.353","0.353","0.724","1.00"
"Q91Y86","JNK1","Mapk8","P28667","Marcksl1","T148","PhosphoSitePlus","QEGKAAAtPEsQEPQ","0.399","0.399","0.690","1.00"
"Q03147","CDK7","Cdk7","P30285","Cdk4","T172","Signor","YSYQMALtPVVVTLW","-0.461","-0.461","0.645","1.00"
"Q9WV60","GSK3B","Gsk3b","P30999","Ctnnd1","S252","PhosphoSitePlus","MEGyRAPsRQDVyGP","-0.478","-0.478","0.633","1.00"
"P16054","PKCE","Prkce","P30999","Ctnnd1","S268","Signor","PQVRVGGssVDLHRF","-0.324","-0.324","0.746","1.00"
"Q9JMK2","CK1E","Csnk1e","P30999","Ctnnd1","S268","Signor","PQVRVGGssVDLHRF","-0.324","-0.324","0.746","1.00"
"Q9WV60","GSK3B","Gsk3b","P30999","Ctnnd1","T310","PhosphoSitePlus","GtARRtGtPsDPRRR","-0.022","-0.022","0.982","1.00"
"P05480","Src iso1","Src","P30999","Ctnnd1","Y96","PhosphoSitePlus","QDHNHLLystIPRMQ","0.306","0.306","0.760","1.00"
"P39688","Fyn","Fyn","P30999","Ctnnd1","Y96","PhosphoSitePlus","QDHNHLLystIPRMQ","0.306","0.306","0.760","1.00"
"P05132","PKACA","Prkaca","P31324","Prkar2b","S112","Signor","NRFTRRAsVCAEAyN","-0.077","-0.077","0.939","1.00"
"Q60737","CK2A1","Csnk2a1","P31750","Akt1","S129","Signor","sGsPsDNsGAEEMEV","0.28","0.28","0.779","1.00"
"P00536","MOS","Mos","P31938","Map2k1","S222","Signor","LIDsMANsFVGTRSY","0.71","0.71","0.478","1.00"
"P53349","MEKK1","Map3k1","P31938","Map2k1","S222","Signor","LIDsMANsFVGTRSY","0.71","0.71","0.478","1.00"
"Q07174","Cot","Map3k8","P31938","Map2k1","S222","Signor","LIDsMANsFVGTRSY","0.71","0.71","0.478","1.00"
"Q99N57","RAF1","Raf1","P31938","Map2k1","S222","Signor","LIDsMANsFVGTRSY","0.71","0.71","0.478","1.00"
"Q9Z2A0","PDK1","Pdpk1","P31938","Map2k1","S222","Signor","LIDsMANsFVGTRSY","0.71","0.71","0.478","1.00"
"P11440","CDK1","Cdk1","P31938","Map2k1","T292","Signor","EtPPRPRtPGRPLsS","0.177","0.177","0.859","1.00"
"P53349","MEKK1","Map3k1","P31938","Map2k1","T292","PhosphoSitePlus","EtPPRPRtPGRPLsS","0.177","0.177","0.859","1.00"
"P63085","ERK2","Mapk1","P31938","Map2k1","T292","PhosphoSitePlus","EtPPRPRtPGRPLsS","0.177","0.177","0.859","1.00"
"Q63844","ERK1","Mapk3","P31938","Map2k1","T292","PhosphoSitePlus","EtPPRPRtPGRPLsS","0.177","0.177","0.859","1.00"
"P63085","ERK2","Mapk1","P31938","Map2k1","T386","PhosphoSitePlus","IGLNQPstPtHAASI","0.522","0.522","0.602","1.00"
"Q63844","ERK1","Mapk3","P31938","Map2k1","T386","PhosphoSitePlus","IGLNQPstPtHAASI","0.522","0.522","0.602","1.00"
"P28867","PKCD","Prkcd","P35569","Irs1","S1097","Signor","GCRRRHssEtFSAPt","0.473","0.473","0.636","1.00"
"Q02111","PKCT","Prkcq","P35569","Irs1","S1097","PhosphoSitePlus","GCRRRHssEtFSAPt","0.473","0.473","0.636","1.00"
"Q02956","PKCZ","Prkcz","P35569","Irs1","S1097","Signor","GCRRRHssEtFSAPt","0.473","0.473","0.636","1.00"
"Q8BSK8","p70S6K","Rps6kb1","P35569","Irs1","S1097","PhosphoSitePlus","GCRRRHssEtFSAPt","0.473","0.473","0.636","1.00"
"O88351","IKKB","Ikbkb","P35569","Irs1","S265","Signor","EFRPRSKsQssSsCs","0.686","0.686","0.493","1.00"
"Q8BSK8","p70S6K","Rps6kb1","P35569","Irs1","S265","Signor","EFRPRSKsQssSsCs","0.686","0.686","0.493","1.00"
"O88351","IKKB","Ikbkb","P35569","Irs1","S522","Signor","RFRKRtHsAGtsPTI","0.801","0.801","0.423","1.00"
"Q8BSK8","p70S6K","Rps6kb1","P35569","Irs1","S522","Signor","RFRKRtHsAGtsPTI","0.801","0.801","0.423","1.00"
"P63085","ERK2","Mapk1","P35569","Irs1","S632","Signor","NGDyMPMsPKsVsAP","2.701","2.701","0.00691","0.0947"
"P70335","ROCK1","Rock1","P35569","Irs1","S632","PhosphoSitePlus","NGDyMPMsPKsVsAP","2.701","2.701","0.00691","0.0947"
"P70336","ROCK2","Rock2","P35569","Irs1","S632","PhosphoSitePlus","NGDyMPMsPKsVsAP","2.701","2.701","0.00691","0.0947"
"Q63844","ERK1","Mapk3","P35569","Irs1","S632","Signor","NGDyMPMsPKsVsAP","2.701","2.701","0.00691","0.0947"
"Q8BSK8","p70S6K","Rps6kb1","P35569","Irs1","S632","Signor","NGDyMPMsPKsVsAP","2.701","2.701","0.00691","0.0947"
"Q9JLN9","mTOR","Mtor","P35569","Irs1","S632","PhosphoSitePlus","NGDyMPMsPKsVsAP","2.701","2.701","0.00691","0.0947"
"P20444","PKCA","Prkca","P35831","Ptpn12","S434","Signor","KKLERNLsFEIKKVP","0.355","0.355","0.722","1.00"
"P97377","CDK2","Cdk2","P35979","Rpl12","S38","Signor","KIGPLGLsPkKVGDD","0.055","0.055","0.956","1.00"
"P97377","CDK2","Cdk2","P37913","Lig1","S51","Signor","QVVPEsDsPVKRTGR","-0.222","-0.222","0.824","1.00"
"P16054","PKCE","Prkce","P39447","Tjp1","S168","PhosphoSitePlus","AsRERsLsPRsDRRs","-0.301","-0.301","0.763","1.00"
"Q9JLN9","mTOR","Mtor","P42128","Foxk1","S427","PhosphoSitePlus","LQtPECLsREGsPIP","-0.268","-0.268","0.788","1.00"
"Q9JLN9","mTOR","Mtor","P42128","Foxk1","S431","PhosphoSitePlus","ECLsREGsPIPHDPD","-0.268","-0.268","0.788","1.00"
"Q60737","CK2A1","Csnk2a1","P42208","Sept2","S218","Signor","yHLPDAEsDEDEDFk","-0.119","-0.119","0.906","1.00"
"P28867","PKCD","Prkcd","P42225","Stat1","S727","Signor","tDNLLPMsPEEFDEM","1.386","1.386","0.166","1.00"
"P47811","P38A","Mapk14","P42225","Stat1","S727","PhosphoSitePlus","tDNLLPMsPEEFDEM","1.386","1.386","0.166","1.00"
"P63085","ERK2","Mapk1","P42225","Stat1","S727","PhosphoSitePlus","tDNLLPMsPEEFDEM","1.386","1.386","0.166","1.00"
"Q63844","ERK1","Mapk3","P42225","Stat1","S727","PhosphoSitePlus","tDNLLPMsPEEFDEM","1.386","1.386","0.166","1.00"
"Q8R3L8","CDK8","Cdk8","P42225","Stat1","S727","PhosphoSitePlus","tDNLLPMsPEEFDEM","1.386","1.386","0.166","1.00"
"Q91Y86","JNK1","Mapk8","P42225","Stat1","S727","PhosphoSitePlus","tDNLLPMsPEEFDEM","1.386","1.386","0.166","1.00"
"Q923T9","CAMK2G","Camk2g","P42225","Stat1","S727","Signor","tDNLLPMsPEEFDEM","1.386","1.386","0.166","1.00"
"Q9R0T8","IKKE","Ikbke","P42225","Stat1","S727","Signor","tDNLLPMsPEEFDEM","1.386","1.386","0.166","1.00"
"Q9WUI1","P38B","Mapk11","P42225","Stat1","S727","PhosphoSitePlus","tDNLLPMsPEEFDEM","1.386","1.386","0.166","1.00"
"P05480","Src iso1","Src","P42225","Stat1","Y701","Signor","DDPKRTGyIkTELIs","1.441","1.441","0.150","1.00"
"P52332","JAK1","Jak1","P42225","Stat1","Y701","Signor","DDPKRTGyIkTELIs","1.441","1.441","0.150","1.00"
"Q62120","JAK2","Jak2","P42225","Stat1","Y701","Signor","DDPKRTGyIkTELIs","1.441","1.441","0.150","1.00"
"Q9R117","Tyk2","Tyk2","P42225","Stat1","Y701","Signor","DDPKRTGyIkTELIs","1.441","1.441","0.150","1.00"
"O54949","NLK","Nlk","P42227","Stat3","S727","PhosphoSitePlus","NtIDLPMsPRTLDSL","0.653","0.653","0.514","1.00"
"P16054","PKCE","Prkce","P42227","Stat3","S727","PhosphoSitePlus","NtIDLPMsPRTLDSL","0.653","0.653","0.514","1.00"
"P28867","PKCD","Prkcd","P42227","Stat3","S727","PhosphoSitePlus","NtIDLPMsPRTLDSL","0.653","0.653","0.514","1.00"
"P47811","P38A","Mapk14","P42227","Stat3","S727","PhosphoSitePlus","NtIDLPMsPRTLDSL","0.653","0.653","0.514","1.00"
"P49615","CDK5","Cdk5","P42227","Stat3","S727","PhosphoSitePlus","NtIDLPMsPRTLDSL","0.653","0.653","0.514","1.00"
"P53349","MEKK1","Map3k1","P42227","Stat3","S727","PhosphoSitePlus","NtIDLPMsPRTLDSL","0.653","0.653","0.514","1.00"
"Q62406","IRAK1","Irak1","P42227","Stat3","S727","PhosphoSitePlus","NtIDLPMsPRTLDSL","0.653","0.653","0.514","1.00"
"Q63844","ERK1","Mapk3","P42227","Stat3","S727","Signor","NtIDLPMsPRTLDSL","0.653","0.653","0.514","1.00"
"Q8C050","MSK1","Rps6ka5","P42227","Stat3","S727","PhosphoSitePlus","NtIDLPMsPRTLDSL","0.653","0.653","0.514","1.00"
"Q8R3L8","CDK8","Cdk8","P42227","Stat3","S727","PhosphoSitePlus","NtIDLPMsPRTLDSL","0.653","0.653","0.514","1.00"
"Q91Y86","JNK1","Mapk8","P42227","Stat3","S727","PhosphoSitePlus","NtIDLPMsPRTLDSL","0.653","0.653","0.514","1.00"
"Q9JLN9","mTOR","Mtor","P42227","Stat3","S727","PhosphoSitePlus","NtIDLPMsPRTLDSL","0.653","0.653","0.514","1.00"
"Q9WTU6","JNK2","Mapk9","P42227","Stat3","S727","Signor","NtIDLPMsPRTLDSL","0.653","0.653","0.514","1.00"
"Q9WUN2","TBK1","Tbk1","P42227","Stat3","S727","PhosphoSitePlus","NtIDLPMsPRTLDSL","0.653","0.653","0.514","1.00"
"O88643","PAK1","Pak1","P42230","Stat5a","S779","PhosphoSitePlus","DsLDARLsPPAGLFT","-0.565","-0.565","0.572","1.00"
"P63085","ERK2","Mapk1","P42230","Stat5a","S779","Signor","DsLDARLsPPAGLFT","-0.565","-0.565","0.572","1.00"
"Q63844","ERK1","Mapk3","P42230","Stat5a","S779","Signor","DsLDARLsPPAGLFT","-0.565","-0.565","0.572","1.00"
"Q62388","ATM","Atm","P43346","Dck","S74","PhosphoSitePlus","EFEELTtsQKSGGNV","-0.234","-0.234","0.815","1.00"
"P11440","CDK1","Cdk1","P46061","Rangap1","S430","Signor","EPAPVLssPtPtDLs","0.286","0.286","0.775","1.00"
"P11440","CDK1","Cdk1","P46061","Rangap1","S444","PhosphoSitePlus","stFLsFPsPEKLLRL","0.286","0.286","0.775","1.00"
"P97377","CDK2","Cdk2","P46061","Rangap1","S444","PhosphoSitePlus","stFLsFPsPEKLLRL","0.286","0.286","0.775","1.00"
"P31750","Akt1","Akt1","P46414","Cdkn1b","S10","PhosphoSitePlus","NVRVsNGsPsLERMD","-0.394","-0.394","0.693","1.00"
"P49615","CDK5","Cdk5","P46414","Cdkn1b","S10","PhosphoSitePlus","NVRVsNGsPsLERMD","-0.394","-0.394","0.693","1.00"
"P63085","ERK2","Mapk1","P46414","Cdkn1b","S10","Signor","NVRVsNGsPsLERMD","-0.394","-0.394","0.693","1.00"
"Q64261","CDK6","Cdk6","P46414","Cdkn1b","S10","Signor","NVRVsNGsPsLERMD","-0.394","-0.394","0.693","1.00"
"Q9QZR5","HIPK2","Hipk2","P46414","Cdkn1b","S10","Signor","NVRVsNGsPsLERMD","-0.394","-0.394","0.693","1.00"
"Q9Z188","DYRK1B","Dyrk1b","P46414","Cdkn1b","S10","PhosphoSitePlus","NVRVsNGsPsLERMD","-0.394","-0.394","0.693","1.00"
"P47811","P38A","Mapk14","P47713","Pla2g4a","S505","Signor","LNTSYPLsPLRDFss","0.356","0.356","0.722","1.00"
"P63085","ERK2","Mapk1","P47713","Pla2g4a","S505","PhosphoSitePlus","LNTSYPLsPLRDFss","0.356","0.356","0.722","1.00"
"Q63844","ERK1","Mapk3","P47713","Pla2g4a","S505","PhosphoSitePlus","LNTSYPLsPLRDFss","0.356","0.356","0.722","1.00"
"O08605","Mnk1","Mknk1","P47713","Pla2g4a","S726","PhosphoSitePlus","RQNPsRCsVsLsNVE","0.226","0.226","0.821","1.00"
"O54992","MAPKAPK5","Mapkapk5","P47713","Pla2g4a","S726","PhosphoSitePlus","RQNPsRCsVsLsNVE","0.226","0.226","0.821","1.00"
"Q8C050","MSK1","Rps6ka5","P47713","Pla2g4a","S726","PhosphoSitePlus","RQNPsRCsVsLsNVE","0.226","0.226","0.821","1.00"
"Q60737","CK2A1","Csnk2a1","P47753","Capza1","S9","Signor","ADFEDRVsDEEKVRI","-0.254","-0.254","0.800","1.00"
"P63085","ERK2","Mapk1","P47930","Fosl2","S120","PhosphoSitePlus","RRRDEQLsPEEEEKR","-0.724","-0.724","0.469","1.00"
"P63085","ERK2","Mapk1","P47930","Fosl2","S200","PhosphoSitePlus","ISPEERRsPPtsGLQ","-0.566","-0.566","0.571","1.00"
"P63085","ERK2","Mapk1","P47930","Fosl2","S230","PhosphoSitePlus","QEPPEEDsPSSSAGM","-4.35","-4.35","0.0000136","0.000506"
"P63085","ERK2","Mapk1","P47930","Fosl2","S320","PhosphoSitePlus","QSSDSLNsPtLLAL_","-0.165","-0.165","0.869","1.00"
"Q63844","ERK1","Mapk3","P47930","Fosl2","S320","PhosphoSitePlus","QSSDSLNsPtLLAL_","-0.165","-0.165","0.869","1.00"
"P11440","CDK1","Cdk1","P48678","Lmna","S22","Signor","QAsstPLsPtRItRL","0.187","0.187","0.852","1.00"
"P63085","ERK2","Mapk1","P48678","Lmna","S22","PhosphoSitePlus","QAsstPLsPtRItRL","0.187","0.187","0.852","1.00"
"P11440","CDK1","Cdk1","P48678","Lmna","S390","PhosphoSitePlus","EEERLRLsPsPtsQR","0.045","0.045","0.964","1.00"
"P11440","CDK1","Cdk1","P48678","Lmna","S392","PhosphoSitePlus","ERLRLsPsPtsQRsR","0.113","0.113","0.910","1.00"
"P20444","PKCA","Prkca","P48678","Lmna","S403","Signor","QRsRGRAssHssQsQ","-0.145","-0.145","0.885","1.00"
"P20444","PKCA","Prkca","P48678","Lmna","S404","Signor","RsRGRAssHssQsQG","0.542","0.542","0.587","1.00"
"P20444","PKCA","Prkca","P48678","Lmna","S575","PhosphoSitePlus","RGsHCsGsGDPAEYN","0.172","0.172","0.864","1.00"
"P11440","CDK1","Cdk1","P48754","Brca1","S1152","Signor","LRRESsRsPsPVTHA","-0.174","-0.174","0.862","1.00"
"P11440","CDK1","Cdk1","P48754","Brca1","S1154","Signor","RESsRsPsPVTHASK","-0.174","-0.174","0.862","1.00"
"P63085","ERK2","Mapk1","P49586","Pcyt1a","S315","Signor","GRMLQAIsPKQsPss","-0.358","-0.358","0.721","1.00"
"Q63844","ERK1","Mapk3","P49586","Pcyt1a","S315","Signor","GRMLQAIsPKQsPss","-0.358","-0.358","0.721","1.00"
"P11440","CDK1","Cdk1","P49717","Mcm4","T19","PhosphoSitePlus","SSRRGRVtPtQsLRs","-0.357","-0.357","0.721","1.00"
"P97377","CDK2","Cdk2","P49717","Mcm4","T19","PhosphoSitePlus","SSRRGRVtPtQsLRs","-0.357","-0.357","0.721","1.00"
"P49615","CDK5","Cdk5","P49769","Psen1","T354","Signor","HLGPHRStPESRAAV","0.631","0.631","0.528","1.00"
"P05480","Src iso1","Src","P49817","Cav1","Y14","PhosphoSitePlus","VDsEGHLytVPIREQ","-4.35","-4.35","0.0000136","0.000506"
"P15208","INSR","Insr","P49817","Cav1","Y14","PhosphoSitePlus","VDsEGHLytVPIREQ","-4.35","-4.35","0.0000136","0.000506"
"P39688","Fyn","Fyn","P49817","Cav1","Y14","Signor","VDsEGHLytVPIREQ","-4.35","-4.35","0.0000136","0.000506"
"Q60737","CK2A1","Csnk2a1","P52927","Hmga2","S100","PhosphoSitePlus","AQETEEtssQEsAEE","2.701","2.701","0.00691","0.0947"
"Q60737","CK2A1","Csnk2a1","P52927","Hmga2","S101","PhosphoSitePlus","QETEEtssQEsAEED","2.701","2.701","0.00691","0.0947"
"Q60737","CK2A1","Csnk2a1","P52927","Hmga2","S104","PhosphoSitePlus","EEtssQEsAEED___","2.701","2.701","0.00691","0.0947"
"P11440","CDK1","Cdk1","P52927","Hmga2","S44","PhosphoSitePlus","QEPTCEPsPKRPRGR","1.249","1.249","0.212","1.00"
"Q60737","CK2A1","Csnk2a1","P53762","Arnt","S77","Signor","DKERFARsDDEQSSA","0.115","0.115","0.908","1.00"
"P11440","CDK1","Cdk1","P53995","Anapc1","S355","Signor","AALSRAHsPALGVHs","-0.023","-0.023","0.982","1.00"
"Q07832","PLK1","Plk1","P53995","Anapc1","S355","Signor","AALSRAHsPALGVHs","-0.023","-0.023","0.982","1.00"
"Q8BSK8","p70S6K","Rps6kb1","P54103","Dnajc2","S47","PhosphoSitePlus","KRRNRNAstsFQELE","0.548","0.548","0.584","1.00"
"O88643","PAK1","Pak1","P54227","Stmn1","S16","Signor","KELEKRAsGQAFELI","-1.269","-1.269","0.205","1.00"
"P05132","PKACA","Prkaca","P54227","Stmn1","S16","PhosphoSitePlus","KELEKRAsGQAFELI","-1.269","-1.269","0.205","1.00"
"P08414","CAMK4","Camk4","P54227","Stmn1","S16","Signor","KELEKRAsGQAFELI","-1.269","-1.269","0.205","1.00"
"P11798","CAMK2A","Camk2a","P54227","Stmn1","S16","PhosphoSitePlus","KELEKRAsGQAFELI","-1.269","-1.269","0.205","1.00"
"P63085","ERK2","Mapk1","P54227","Stmn1","S25","PhosphoSitePlus","QAFELILsPRskEsV","-0.448","-0.448","0.654","1.00"
"P68404","PKCB iso2","Prkcb","P54227","Stmn1","S25","Signor","QAFELILsPRskEsV","-0.448","-0.448","0.654","1.00"
"Q61831","JNK3","Mapk10","P54227","Stmn1","S25","PhosphoSitePlus","QAFELILsPRskEsV","-0.448","-0.448","0.654","1.00"
"Q63844","ERK1","Mapk3","P54227","Stmn1","S25","PhosphoSitePlus","QAFELILsPRskEsV","-0.448","-0.448","0.654","1.00"
"Q91Y86","JNK1","Mapk8","P54227","Stmn1","S25","PhosphoSitePlus","QAFELILsPRskEsV","-0.448","-0.448","0.654","1.00"
"Q9WTU6","JNK2","Mapk9","P54227","Stmn1","S25","PhosphoSitePlus","QAFELILsPRskEsV","-0.448","-0.448","0.654","1.00"
"O88643","PAK1","Pak1","P54227","Stmn1","S38","Signor","sVPdFPLsPPKKKDL","-0.045","-0.045","0.964","1.00"
"P49615","CDK5","Cdk5","P54227","Stmn1","S38","PhosphoSitePlus","sVPdFPLsPPKKKDL","-0.045","-0.045","0.964","1.00"
"P63085","ERK2","Mapk1","P54227","Stmn1","S38","PhosphoSitePlus","sVPdFPLsPPKKKDL","-0.045","-0.045","0.964","1.00"
"P68404","PKCB iso2","Prkcb","P54227","Stmn1","S38","Signor","sVPdFPLsPPKKKDL","-0.045","-0.045","0.964","1.00"
"P97377","CDK2","Cdk2","P54227","Stmn1","S38","PhosphoSitePlus","sVPdFPLsPPKKKDL","-0.045","-0.045","0.964","1.00"
"Q61831","JNK3","Mapk10","P54227","Stmn1","S38","PhosphoSitePlus","sVPdFPLsPPKKKDL","-0.045","-0.045","0.964","1.00"
"Q63844","ERK1","Mapk3","P54227","Stmn1","S38","Signor","sVPdFPLsPPKKKDL","-0.045","-0.045","0.964","1.00"
"Q91Y86","JNK1","Mapk8","P54227","Stmn1","S38","PhosphoSitePlus","sVPdFPLsPPKKKDL","-0.045","-0.045","0.964","1.00"
"Q9WTU6","JNK2","Mapk9","P54227","Stmn1","S38","PhosphoSitePlus","sVPdFPLsPPKKKDL","-0.045","-0.045","0.964","1.00"
"P05132","PKACA","Prkaca","P54227","Stmn1","S63","PhosphoSitePlus","AAEERRKsHEAEVLK","-0.779","-0.779","0.436","1.00"
"P05132","PKACA","Prkaca","P54310","Lipe","S559","PhosphoSitePlus","ESMRRsVsEAALAQP","-0.365","-0.365","0.715","1.00"
"P11798","CAMK2A","Camk2a","P54310","Lipe","S559","Signor","ESMRRsVsEAALAQP","-0.365","-0.365","0.715","1.00"
"Q5EG47","AMPKA1","Prkaa1","P54310","Lipe","S559","PhosphoSitePlus","ESMRRsVsEAALAQP","-0.365","-0.365","0.715","1.00"
"Q9Z1W9","STLK3","Stk39","P55012","Slc12a2","T210","PhosphoSitePlus","LRtFGHNtMDAVPRI","-0.426","-0.426","0.670","1.00"
"Q8C0P0","MASTL","Mastl","P56212","Arpp19","S62","Signor","KGQkyFDsGDyNMAK","-0.119","-0.119","0.905","1.00"
"Q8VEB1","GRK5","Grk5","P56485","Cxcr7","S350","PhosphoSitePlus","LIDAsRVsEtEysAL","0.419","0.419","0.675","1.00"
"Q99MK8","GRK2","Adrbk1","P56485","Cxcr7","S350","PhosphoSitePlus","LIDAsRVsEtEysAL","0.419","0.419","0.675","1.00"
"Q60737","CK2A1","Csnk2a1","P56812","Pdcd5","S119","Signor","NRRKVMDsDEDDADy","0.107","0.107","0.915","1.00"
"P63085","ERK2","Mapk1","P58468","1810008A18Rik","S38","PhosphoSitePlus","VEPALPQsPAGGAGA","0.338","0.338","0.736","1.00"
"P63085","ERK2","Mapk1","P58871","Tnks1bp1","T131","PhosphoSitePlus","KEDLPPLtPPARCAA","2.701","2.701","0.00691","0.0947"
"P67871","CK2B","Csnk2b","P59325","Eif5","S387","Signor","LKEAEEEssGGEEED","0.037","0.037","0.970","1.00"
"Q60737","CK2A1","Csnk2a1","P59325","Eif5","S387","Signor","LKEAEEEssGGEEED","0.037","0.037","0.970","1.00"
"P67871","CK2B","Csnk2b","P59325","Eif5","S388","Signor","KEAEEEssGGEEEDE","0.037","0.037","0.970","1.00"
"Q60737","CK2A1","Csnk2a1","P59325","Eif5","S388","Signor","KEAEEEssGGEEEDE","0.037","0.037","0.970","1.00"
"P05132","PKACA","Prkaca","P60904","Dnajc5","S10","Signor","DQRQRsLstsGEsLy","-1.667","-1.667","0.0955","1.00"
"P11440","CDK1","Cdk1","P62137","Ppp1ca","T320","PhosphoSitePlus","NPGGRPItPPRNsAK","-0.089","-0.089","0.929","1.00"
"P49615","CDK5","Cdk5","P62137","Ppp1ca","T320","Signor","NPGGRPItPPRNsAK","-0.089","-0.089","0.929","1.00"
"P97377","CDK2","Cdk2","P62137","Ppp1ca","T320","Signor","NPGGRPItPPRNsAK","-0.089","-0.089","0.929","1.00"
"P18653","p90RSK","Rps6ka1","P62754","Rps6","S235","Signor","IAKRRRLssLRAsts","2.701","2.701","0.00691","0.0947"
"Q8BSK8","p70S6K","Rps6kb1","P62754","Rps6","S235","PhosphoSitePlus","IAKRRRLssLRAsts","2.701","2.701","0.00691","0.0947"
"Q8CIN4","PAK2","Pak2","P62754","Rps6","S235","Signor","IAKRRRLssLRAsts","2.701","2.701","0.00691","0.0947"
"Q9Z1M4","P70S6KB","Rps6kb2","P62754","Rps6","S235","PhosphoSitePlus","IAKRRRLssLRAsts","2.701","2.701","0.00691","0.0947"
"P18653","p90RSK","Rps6ka1","P62754","Rps6","S236","Signor","AKRRRLssLRAstsK","2.701","2.701","0.00691","0.0947"
"P31750","Akt1","Akt1","P62754","Rps6","S236","PhosphoSitePlus","AKRRRLssLRAstsK","2.701","2.701","0.00691","0.0947"
"Q8BSK8","p70S6K","Rps6kb1","P62754","Rps6","S236","PhosphoSitePlus","AKRRRLssLRAstsK","2.701","2.701","0.00691","0.0947"
"Q8CIN4","PAK2","Pak2","P62754","Rps6","S236","Signor","AKRRRLssLRAstsK","2.701","2.701","0.00691","0.0947"
"Q9Z1M4","P70S6KB","Rps6kb2","P62754","Rps6","S236","PhosphoSitePlus","AKRRRLssLRAstsK","2.701","2.701","0.00691","0.0947"
"P18653","p90RSK","Rps6ka1","P62754","Rps6","S240","Signor","RLssLRAstsKsEss","-4.35","-4.35","0.0000136","0.000506"
"Q8CIN4","PAK2","Pak2","P62754","Rps6","S240","Signor","RLssLRAstsKsEss","-4.35","-4.35","0.0000136","0.000506"
"P18653","p90RSK","Rps6ka1","P62754","Rps6","S244","Signor","LRAstsKsEssQK__","2.701","2.701","0.00691","0.0947"
"P11440","CDK1","Cdk1","P62908","Rps3","T221","Signor","kDEILPttPIsEQkG","0.108","0.108","0.914","1.00"
"P28867","PKCD","Prkcd","P62908","Rps3","T221","Signor","kDEILPttPIsEQkG","0.108","0.108","0.914","1.00"
"P63085","ERK2","Mapk1","P62908","Rps3","T221","PhosphoSitePlus","kDEILPttPIsEQkG","0.108","0.108","0.914","1.00"
"P11440","CDK1","Cdk1","P67871","Csnk2b","S209","Signor","QAAsNFksPVKTIR_","-0.172","-0.172","0.863","1.00"
"P05132","PKACA","Prkaca","P70265","Pfkfb2","S469","Signor","PVRMRRNsFtPLSSS","0.294","0.294","0.768","1.00"
"P18654","RSK2","Rps6ka3","P70265","Pfkfb2","S469","Signor","PVRMRRNsFtPLSSS","0.294","0.294","0.768","1.00"
"P31750","Akt1","Akt1","P70265","Pfkfb2","S469","Signor","PVRMRRNsFtPLSSS","0.294","0.294","0.768","1.00"
"Q8BSK8","p70S6K","Rps6kb1","P70265","Pfkfb2","S469","Signor","PVRMRRNsFtPLSSS","0.294","0.294","0.768","1.00"
"P31750","Akt1","Akt1","P70265","Pfkfb2","S486","Signor","IRRPRNYsVGsRPLK","0.441","0.441","0.659","1.00"
"Q60737","CK2A1","Csnk2a1","P70288","Hdac2","S394","PhosphoSitePlus","EDAVHEDsGDEDGED","-0.075","-0.075","0.940","1.00"
"Q60737","CK2A1","Csnk2a1","P70288","Hdac2","S422","Signor","IACDEEFsDsEDEGE","-0.224","-0.224","0.822","1.00"
"Q60737","CK2A1","Csnk2a1","P70288","Hdac2","S424","Signor","CDEEFsDsEDEGEGG","-0.224","-0.224","0.822","1.00"
"P63085","ERK2","Mapk1","P70302","Stim1","S575","PhosphoSitePlus","LVEKLPDsPALAKKT","-0.282","-0.282","0.778","1.00"
"Q63844","ERK1","Mapk3","P70302","Stim1","S575","PhosphoSitePlus","LVEKLPDsPALAKKT","-0.282","-0.282","0.778","1.00"
"P11440","CDK1","Cdk1","P70399","Tp53bp1","S382","PhosphoSitePlus","TPFIVPssPtEQGGR","0.037","0.037","0.970","1.00"
"Q9JLN9","mTOR","Mtor","P70445","Eif4ebp2","T37","PhosphoSitePlus","LPQDyCttPGGtLFs","2.701","2.701","0.00691","0.0947"
"P63085","ERK2","Mapk1","P70459","Erf","S161","Signor","SPtEDPRsPPACSSS","0.68","0.68","0.496","1.00"
"P63085","ERK2","Mapk1","P70459","Erf","T529","PhosphoSitePlus","GEsGGPLtPRRVssD","0.507","0.507","0.612","1.00"
"Q8BRK8","AMPKA2","Prkaa2","P70460","Vasp","S317","PhosphoSitePlus","TtLPRMKssssVtTS","1.039","1.039","0.299","1.00"
"P05132","PKACA","Prkaca","P81122","Irs2","S1138","PhosphoSitePlus","GGRRRHssEtFSsTt","-1.132","-1.132","0.258","1.00"
"P68404","PKCB iso2","Prkcb","P81122","Irs2","S303","PhosphoSitePlus","EFRPRsKsQssGSSA","-1.424","-1.424","0.154","1.00"
"Q07832","PLK1","Plk1","P81122","Irs2","S556","PhosphoSitePlus","GRPYRRVsGDGAQDL","-1.304","-1.304","0.192","1.00"
"Q9JLN9","mTOR","Mtor","P81122","Irs2","S616","PhosphoSitePlus","CPSFPASsPKVAYNP","-0.869","-0.869","0.385","1.00"
"P68404","PKCB iso2","Prkcb","P81122","Irs2","S675","PhosphoSitePlus","sDDyMPMsPtSVSAP","-1.023","-1.023","0.306","1.00"
"Q9JKK8","ATR","Atr","P97310","Mcm2","S108","Signor","DVEELtAsQREAAER","-0.265","-0.265","0.791","1.00"
"Q9Z0H0","CDC7","Cdc7","P97310","Mcm2","S108","Signor","DVEELtAsQREAAER","-0.265","-0.265","0.791","1.00"
"Q03147","CDK7","Cdk7","P97310","Mcm2","S139","Signor","RRGLLyDssEEDEER","-0.35","-0.35","0.726","1.00"
"Q9Z0H0","CDC7","Cdc7","P97310","Mcm2","S139","Signor","RRGLLyDssEEDEER","-0.35","-0.35","0.726","1.00"
"Q03147","CDK7","Cdk7","P97310","Mcm2","S27","Signor","IsDPLtssPGRsSRR","-0.259","-0.259","0.796","1.00"
"Q9Z0H0","CDC7","Cdc7","P97310","Mcm2","S27","Signor","IsDPLtssPGRsSRR","-0.259","-0.259","0.796","1.00"
"Q03147","CDK7","Cdk7","P97310","Mcm2","S41","Signor","RADALtssPGRDLPP","0.099","0.099","0.921","1.00"
"Q9Z0H0","CDC7","Cdc7","P97310","Mcm2","S41","Signor","RADALtssPGRDLPP","0.099","0.099","0.921","1.00"
"P63085","ERK2","Mapk1","P97360","Etv6","S215","Signor","DNMSRRLsPVEKAQG","-0.256","-0.256","0.798","1.00"
"Q63844","ERK1","Mapk3","P97360","Etv6","S215","Signor","DNMSRRLsPVEKAQG","-0.256","-0.256","0.798","1.00"
"P49615","CDK5","Cdk5","P97427","Crmp1","S522","Signor","PAPsAkssPskHQPP","0.627","0.627","0.531","1.00"
"P16054","PKCE","Prkce","P98083","Shc1","S139","Signor","EEWTRHGsFVNKPtR","0.836","0.836","0.403","1.00"
"P20444","PKCA","Prkca","P98083","Shc1","S139","Signor","EEWTRHGsFVNKPtR","0.836","0.836","0.403","1.00"
"P28867","PKCD","Prkcd","P98083","Shc1","S139","Signor","EEWTRHGsFVNKPtR","0.836","0.836","0.403","1.00"
"P05480","Src iso1","Src","P98083","Shc1","Y349","Signor","EEPPDHQyyNDFPGK","0.237","0.237","0.812","1.00"
"P39688","Fyn","Fyn","P98083","Shc1","Y349","Signor","EEPPDHQyyNDFPGK","0.237","0.237","0.812","1.00"
"P43404","ZAP70","Zap70","P98083","Shc1","Y349","Signor","EEPPDHQyyNDFPGK","0.237","0.237","0.812","1.00"
"P48025","Syk","Syk","P98083","Shc1","Y349","Signor","EEPPDHQyyNDFPGK","0.237","0.237","0.812","1.00"
"Q00342","FLT3","Flt3","P98083","Shc1","Y349","Signor","EEPPDHQyyNDFPGK","0.237","0.237","0.812","1.00"
"P05480","Src iso1","Src","P98083","Shc1","Y350","Signor","EPPDHQyyNDFPGKE","0.237","0.237","0.812","1.00"
"P39688","Fyn","Fyn","P98083","Shc1","Y350","Signor","EPPDHQyyNDFPGKE","0.237","0.237","0.812","1.00"
"P43404","ZAP70","Zap70","P98083","Shc1","Y350","Signor","EPPDHQyyNDFPGKE","0.237","0.237","0.812","1.00"
"P48025","Syk","Syk","P98083","Shc1","Y350","Signor","EPPDHQyyNDFPGKE","0.237","0.237","0.812","1.00"
"Q00342","FLT3","Flt3","P98083","Shc1","Y350","Signor","EPPDHQyyNDFPGKE","0.237","0.237","0.812","1.00"
"P06240","Lck","Lck","P98083","Shc1","Y423","Signor","ELFDDPsyVNIQNLD","0.164","0.164","0.870","1.00"
"P15208","INSR","Insr","P98083","Shc1","Y423","Signor","ELFDDPsyVNIQNLD","0.164","0.164","0.870","1.00"
"P34152","FAK iso2","Ptk2","P98083","Shc1","Y423","Signor","ELFDDPsyVNIQNLD","0.164","0.164","0.870","1.00"
"P39688","Fyn","Fyn","P98083","Shc1","Y423","Signor","ELFDDPsyVNIQNLD","0.164","0.164","0.870","1.00"
"P43404","ZAP70","Zap70","P98083","Shc1","Y423","Signor","ELFDDPsyVNIQNLD","0.164","0.164","0.870","1.00"
"P48025","Syk","Syk","P98083","Shc1","Y423","Signor","ELFDDPsyVNIQNLD","0.164","0.164","0.870","1.00"
"Q00342","FLT3","Flt3","P98083","Shc1","Y423","Signor","ELFDDPsyVNIQNLD","0.164","0.164","0.870","1.00"
"Q99MK8","GRK2","Adrbk1","P99027","Rplp2","S102","Signor","KDEkKEEsEEsDDDM","0.387","0.387","0.699","1.00"
"Q99MK8","GRK2","Adrbk1","P99027","Rplp2","S105","Signor","kKEEsEEsDDDMGFG","0.387","0.387","0.699","1.00"
"P11798","CAMK2A","Camk2a","Q01279","Egfr","S1166","Signor","QKGsHQMsLDNPDyQ","-0.136","-0.136","0.892","1.00"
"P00520","Abl","Abl1","Q01279","Egfr","Y1172","Signor","MsLDNPDyQQDFFPk","-4.35","-4.35","0.0000136","0.000506"
"P05480","Src iso1","Src","Q01279","Egfr","Y1172","Signor","MsLDNPDyQQDFFPk","-4.35","-4.35","0.0000136","0.000506"
"Q01279","EGFR","Egfr","Q01279","Egfr","Y1172","Signor","MsLDNPDyQQDFFPk","-4.35","-4.35","0.0000136","0.000506"
"Q07832","PLK1","Plk1","Q01320","Top2a","S1333","Signor","LDsDEDFsGLDEKDE","-0.355","-0.355","0.723","1.00"
"Q07832","PLK1","Plk1","Q01320","Top2a","S1521","Signor","PIKYLEEsDDDDDLF","0.317","0.317","0.751","1.00"
"Q60737","CK2A1","Csnk2a1","Q01320","Top2a","S1521","Signor","PIKYLEEsDDDDDLF","0.317","0.317","0.751","1.00"
"P11440","CDK1","Cdk1","Q01320","Top2a","T1350","Signor","DFLPLDAtPPKAKIP","0.072","0.072","0.942","1.00"
"P11440","CDK1","Cdk1","Q02053","Uba1","S835","Signor","ELKAtLPsPDkLPGF","0.342","0.342","0.733","1.00"
"Q91Y86","JNK1","Mapk8","Q02248","Ctnnb1","S191","PhosphoSitePlus","SRHAIMRsPQMVSAI","-0.253","-0.253","0.800","1.00"
"Q9WTU6","JNK2","Mapk9","Q02248","Ctnnb1","S191","PhosphoSitePlus","SRHAIMRsPQMVSAI","-0.253","-0.253","0.800","1.00"
"P05132","PKACA","Prkaca","Q02248","Ctnnb1","S552","Signor","QDTQRRtsMGGtQQQ","-0.738","-0.738","0.461","1.00"
"P31750","Akt1","Akt1","Q02248","Ctnnb1","S552","PhosphoSitePlus","QDTQRRtsMGGtQQQ","-0.738","-0.738","0.461","1.00"
"Q60823","Akt2","Akt2","Q02248","Ctnnb1","S552","Signor","QDTQRRtsMGGtQQQ","-0.738","-0.738","0.461","1.00"
"O88643","PAK1","Pak1","Q02248","Ctnnb1","S675","Signor","QDYkKRLsVELtSsL","-0.438","-0.438","0.662","1.00"
"P05132","PKACA","Prkaca","Q02248","Ctnnb1","S675","Signor","QDYkKRLsVELtSsL","-0.438","-0.438","0.662","1.00"
"Q61083","MEKK2","Map3k2","Q02248","Ctnnb1","S675","PhosphoSitePlus","QDYkKRLsVELtSsL","-0.438","-0.438","0.662","1.00"
"Q8BTW9","PAK4","Pak4","Q02248","Ctnnb1","S675","Signor","QDYkKRLsVELtSsL","-0.438","-0.438","0.662","1.00"
"P05480","Src iso1","Src","Q03145","Epha2","Y595","Signor","tyVDPHtyEDPNQAV","0.11","0.11","0.912","1.00"
"Q03145","EphA2","Epha2","Q03145","Epha2","Y595","Signor","tyVDPHtyEDPNQAV","0.11","0.11","0.912","1.00"
"Q03145","EphA2","Epha2","Q03145","Epha2","Y773","Signor","EDDPEAtyTtsGGKI","0.018","0.018","0.985","1.00"
"P11440","CDK1","Cdk1","Q03147","Cdk7","S164","PhosphoSitePlus","GLAKsFGsPNRAytH","0.361","0.361","0.718","1.00"
"P97377","CDK2","Cdk2","Q03147","Cdk7","S164","PhosphoSitePlus","GLAKsFGsPNRAytH","0.361","0.361","0.718","1.00"
"P97377","CDK2","Cdk2","Q03147","Cdk7","T170","Signor","GsPNRAytHQVVTRW","0.783","0.783","0.434","1.00"
"P05132","PKACA","Prkaca","Q04735","Cdk16","S153","Signor","sRRLRRVsLsEIGFG","-0.588","-0.588","0.557","1.00"
"P05132","PKACA","Prkaca","Q04887","Sox9","S211","PhosphoSitePlus","FKALQADsPHSSSGM","2.701","2.701","0.00691","0.0947"
"P05132","PKACA","Prkaca","Q04899","Cdk18","S109","PhosphoSitePlus","TRMSRRAsLsDIGFG","-0.89","-0.89","0.373","1.00"
"P05132","PKACA","Prkaca","Q04899","Cdk18","S66","PhosphoSitePlus","RQNQRRFsMEDLNKR","-0.588","-0.588","0.557","1.00"
"Q60737","CK2A1","Csnk2a1","Q07113","Igf2r","S2401","Signor","LHGDDQDsEDEVLtV","2.701","2.701","0.00691","0.0947"
"Q60737","CK2A1","Csnk2a1","Q07113","Igf2r","S2476","Signor","LVsFHDDsDEDLLHI","0.42","0.42","0.675","1.00"
"Q2NL51","GSK3A","Gsk3a","Q2NL51","Gsk3a","Y279","Signor","RGEPNVsyICsRYYR","-0.07","-0.07","0.944","1.00"
"Q2NL51","GSK3A","Gsk3a","Q2TBE6","Pi4k2a","S47","PhosphoSitePlus","AAAGsGPsPPCsPGH","0.735","0.735","0.462","1.00"
"O54784","DAPK3","Dapk3","Q3THE2","Myl12b","S20","Signor","KRPQRAtsNVFAMFD","-0.382","-0.382","0.702","1.00"
"O55222","ILK","Ilk","Q3THE2","Myl12b","S20","Signor","KRPQRAtsNVFAMFD","-0.382","-0.382","0.702","1.00"
"P70335","ROCK1","Rock1","Q3THE2","Myl12b","S20","Signor","KRPQRAtsNVFAMFD","-0.382","-0.382","0.702","1.00"
"P70336","ROCK2","Rock2","Q3THE2","Myl12b","S20","PhosphoSitePlus","KRPQRAtsNVFAMFD","-0.382","-0.382","0.702","1.00"
"Q80YE7","DAPK1","Dapk1","Q3THE2","Myl12b","S20","PhosphoSitePlus","KRPQRAtsNVFAMFD","-0.382","-0.382","0.702","1.00"
"Q8BTW9","PAK4","Pak4","Q3THE2","Myl12b","S20","PhosphoSitePlus","KRPQRAtsNVFAMFD","-0.382","-0.382","0.702","1.00"
"O54784","DAPK3","Dapk3","Q3THE2","Myl12b","T19","Signor","KKRPQRAtsNVFAMF","-0.372","-0.372","0.710","1.00"
"O55222","ILK","Ilk","Q3THE2","Myl12b","T19","Signor","KKRPQRAtsNVFAMF","-0.372","-0.372","0.710","1.00"
"P70335","ROCK1","Rock1","Q3THE2","Myl12b","T19","Signor","KKRPQRAtsNVFAMF","-0.372","-0.372","0.710","1.00"
"Q60700","DLK","Map3k12","Q3THE2","Myl12b","T19","Signor","KKRPQRAtsNVFAMF","-0.372","-0.372","0.710","1.00"
"Q80YE7","DAPK1","Dapk1","Q3THE2","Myl12b","T19","PhosphoSitePlus","KKRPQRAtsNVFAMF","-0.372","-0.372","0.710","1.00"
"Q62074","PKCI","Prkci","Q3TIR3","Ric8a","S501","PhosphoSitePlus","VIQPMGMsPRGHLTS","0.158","0.158","0.875","1.00"
"P49615","CDK5","Cdk5","Q3TYD6","Lmtk2","S1418","Signor","LQtsKyFsPPPPARS","0.622","0.622","0.534","1.00"
"Q60670","SIK","Sik1","Q3U182","Crtc2","S70","Signor","RsSHYGGsLPNVNQI","-0.495","-0.495","0.621","1.00"
"Q9JLN9","mTOR","Mtor","Q3U2S4","Otud5","S503","PhosphoSitePlus","AGGDRAtsPLVSLYP","-0.449","-0.449","0.653","1.00"
"P31750","Akt1","Akt1","Q3UW53","Niban1","S601","Signor","AsPARRVsAILPGAP","-1.067","-1.067","0.286","1.00"
"P05132","PKACA","Prkaca","Q5EG47","Prkaa1","S496","PhosphoSitePlus","AtPQRsGsIsNYRsC","2.701","2.701","0.00691","0.0947"
"Q9JLN9","mTOR","Mtor","Q5HZG4","Taf3","S229","PhosphoSitePlus","QKtPPVLsPVRVQDR","0.152","0.152","0.879","1.00"
"Q60737","CK2A1","Csnk2a1","Q5PSV9","Mdc1","T444","Signor","AsGRDsDtDVEEESS","-4.35","-4.35","0.0000136","0.000506"
"P05132","PKACA","Prkaca","Q5S006","Lrrk2","S935","PhosphoSitePlus","NAQRHSNsLGPVFDH","1.005","1.005","0.315","1.00"
"Q60737","CK2A1","Csnk2a1","Q5SWU9","Acaca","S29","Signor","GsVsEDNsEDEIsNL","0.33","0.33","0.741","1.00"
"Q5EG47","AMPKA1","Prkaa1","Q5SWU9","Acaca","S79","PhosphoSitePlus","FHMRSsMsGLHLVKQ","0.016","0.016","0.987","1.00"
"Q8BRK8","AMPKA2","Prkaa2","Q5SWU9","Acaca","S79","PhosphoSitePlus","FHMRSsMsGLHLVKQ","0.016","0.016","0.987","1.00"
"P18653","p90RSK","Rps6ka1","Q5SXA9","Wwc1","S939","Signor","CRLNRSDsDSStLSK","-0.733","-0.733","0.464","1.00"
"P18654","RSK2","Rps6ka3","Q5SXA9","Wwc1","S939","Signor","CRLNRSDsDSStLSK","-0.733","-0.733","0.464","1.00"
"Q61036","PAK3","Pak3","Q60598","Cttn","S150","PhosphoSitePlus","GKTEKHAsQKDysSG","2.701","2.701","0.00691","0.0947"
"O88643","PAK1","Pak1","Q60598","Cttn","S405","Signor","KKQtPPAsPsPQPIE","-0.019","-0.019","0.985","1.00"
"P28867","PKCD","Prkcd","Q60598","Cttn","S405","Signor","KKQtPPAsPsPQPIE","-0.019","-0.019","0.985","1.00"
"P63085","ERK2","Mapk1","Q60598","Cttn","S405","Signor","KKQtPPAsPsPQPIE","-0.019","-0.019","0.985","1.00"
"Q63844","ERK1","Mapk3","Q60598","Cttn","S405","Signor","KKQtPPAsPsPQPIE","-0.019","-0.019","0.985","1.00"
"P63085","ERK2","Mapk1","Q60749","Khdrbs1","S58","PhosphoSitePlus","PrGGArAsPAtQPPP","-0.039","-0.039","0.969","1.00"
"P47811","P38A","Mapk14","Q60876","Eif4ebp1","S64","PhosphoSitePlus","FLMECRNsPVAKtPP","0.42","0.42","0.674","1.00"
"P63085","ERK2","Mapk1","Q60876","Eif4ebp1","S64","Signor","FLMECRNsPVAKtPP","0.42","0.42","0.674","1.00"
"Q8C050","MSK1","Rps6ka5","Q60876","Eif4ebp1","S64","PhosphoSitePlus","FLMECRNsPVAKtPP","0.42","0.42","0.674","1.00"
"Q9JLN9","mTOR","Mtor","Q60876","Eif4ebp1","S64","PhosphoSitePlus","FLMECRNsPVAKtPP","0.42","0.42","0.674","1.00"
"P47811","P38A","Mapk14","Q60876","Eif4ebp1","T36","PhosphoSitePlus","PPGDysttPGGtLFs","0.179","0.179","0.858","1.00"
"P63085","ERK2","Mapk1","Q60876","Eif4ebp1","T36","Signor","PPGDysttPGGtLFs","0.179","0.179","0.858","1.00"
"Q8C050","MSK1","Rps6ka5","Q60876","Eif4ebp1","T36","PhosphoSitePlus","PPGDysttPGGtLFs","0.179","0.179","0.858","1.00"
"Q9JLN9","mTOR","Mtor","Q60876","Eif4ebp1","T36","PhosphoSitePlus","PPGDysttPGGtLFs","0.179","0.179","0.858","1.00"
"Q9WV60","GSK3B","Gsk3b","Q60876","Eif4ebp1","T36","Signor","PPGDysttPGGtLFs","0.179","0.179","0.858","1.00"
"P47811","P38A","Mapk14","Q60876","Eif4ebp1","T45","PhosphoSitePlus","GGtLFsttPGGtRII","0.263","0.263","0.793","1.00"
"P63085","ERK2","Mapk1","Q60876","Eif4ebp1","T45","Signor","GGtLFsttPGGtRII","0.263","0.263","0.793","1.00"
"Q8C050","MSK1","Rps6ka5","Q60876","Eif4ebp1","T45","Signor","GGtLFsttPGGtRII","0.263","0.263","0.793","1.00"
"Q9JLN9","mTOR","Mtor","Q60876","Eif4ebp1","T45","PhosphoSitePlus","GGtLFsttPGGtRII","0.263","0.263","0.793","1.00"
"Q9WV60","GSK3B","Gsk3b","Q60876","Eif4ebp1","T45","Signor","GGtLFsttPGGtRII","0.263","0.263","0.793","1.00"
"P11440","CDK1","Cdk1","Q60876","Eif4ebp1","T69","Signor","RNsPVAKtPPKDLPA","-0.119","-0.119","0.906","1.00"
"P63085","ERK2","Mapk1","Q60876","Eif4ebp1","T69","Signor","RNsPVAKtPPKDLPA","-0.119","-0.119","0.906","1.00"
"Q8C050","MSK1","Rps6ka5","Q60876","Eif4ebp1","T69","Signor","RNsPVAKtPPKDLPA","-0.119","-0.119","0.906","1.00"
"Q9JLN9","mTOR","Mtor","Q60876","Eif4ebp1","T69","PhosphoSitePlus","RNsPVAKtPPKDLPA","-0.119","-0.119","0.906","1.00"
"P31750","Akt1","Akt1","Q60949","Tbc1d1","S231","PhosphoSitePlus","RPMRKsFsQPGLRSL","-0.133","-0.133","0.894","1.00"
"Q5EG47","AMPKA1","Prkaa1","Q60949","Tbc1d1","S231","PhosphoSitePlus","RPMRKsFsQPGLRSL","-0.133","-0.133","0.894","1.00"
"P31750","Akt1","Akt1","Q60949","Tbc1d1","S621","PhosphoSitePlus","RKLMRYHsVstETPH","0.413","0.413","0.680","1.00"
"Q5EG47","AMPKA1","Prkaa1","Q60949","Tbc1d1","S621","PhosphoSitePlus","RKLMRYHsVstETPH","0.413","0.413","0.680","1.00"
"P31750","Akt1","Akt1","Q60949","Tbc1d1","T590","PhosphoSitePlus","AFRRRANtLsHFPVE","2.701","2.701","0.00691","0.0947"
"Q5EG47","AMPKA1","Prkaa1","Q60949","Tbc1d1","T590","PhosphoSitePlus","AFRRRANtLsHFPVE","2.701","2.701","0.00691","0.0947"
"Q9QZR5","HIPK2","Hipk2","Q60953","Pml","S17","Signor","KVPAPPGsPCRQQDS","-0.028","-0.028","0.978","1.00"
"Q60737","CK2A1","Csnk2a1","Q60953","Pml","S528","Signor","PSTFKAtsPPHLDGt","-0.782","-0.782","0.434","1.00"
"P47811","P38A","Mapk14","Q61026","Ncoa2","S736","PhosphoSitePlus","tVKQEPAsPKKKENA","-0.534","-0.534","0.593","1.00"
"Q60737","CK2A1","Csnk2a1","Q61081","Cdc37","S13","Signor","VWDHIEVsDDEDETH","0.35","0.35","0.726","1.00"
"P05132","PKACA","Prkaca","Q61083","Map3k2","S153","PhosphoSitePlus","AERKKRLsVVGPPNR","0.178","0.178","0.858","1.00"
"Q9WVC6","SGK1","Sgk1","Q61084","Map3k3","S166","PhosphoSitePlus","EPRSRHLsVsSQNPG","0.23","0.23","0.818","1.00"
"P18653","p90RSK","Rps6ka1","Q61165","Slc9a1","S707","Signor","LsRARIGsDPLAyEP","0.747","0.747","0.455","1.00"
"P11440","CDK1","Cdk1","Q61194","Pik3c2a","S261","Signor","SVCNLQIsPKSEDIN","0.293","0.293","0.770","1.00"
"Q61214","DYRK1A","Dyrk1a","Q61214","Dyrk1a","Y321","Signor","LGQRIyQyIQsRFYR","-0.22","-0.22","0.826","1.00"
"P49615","CDK5","Cdk5","Q61235","Sntb2","S75","PhosphoSitePlus","NRGLGPPsPPAPPRG","0.282","0.282","0.778","1.00"
"O88643","PAK1","Pak1","Q61337","Bad","S112","PhosphoSitePlus","ETRsRHssyPAGtEE","2.701","2.701","0.00691","0.0947"
"P05132","PKACA","Prkaca","Q61337","Bad","S112","PhosphoSitePlus","ETRsRHssyPAGtEE","2.701","2.701","0.00691","0.0947"
"P06803","Pim1","Pim1","Q61337","Bad","S112","PhosphoSitePlus","ETRsRHssyPAGtEE","2.701","2.701","0.00691","0.0947"
"P16054","PKCE","Prkce","Q61337","Bad","S112","Signor","ETRsRHssyPAGtEE","2.701","2.701","0.00691","0.0947"
"P18653","p90RSK","Rps6ka1","Q61337","Bad","S112","PhosphoSitePlus","ETRsRHssyPAGtEE","2.701","2.701","0.00691","0.0947"
"P18654","RSK2","Rps6ka3","Q61337","Bad","S112","PhosphoSitePlus","ETRsRHssyPAGtEE","2.701","2.701","0.00691","0.0947"
"P31750","Akt1","Akt1","Q61337","Bad","S112","PhosphoSitePlus","ETRsRHssyPAGtEE","2.701","2.701","0.00691","0.0947"
"P58750","Pim3","Pim3","Q61337","Bad","S112","PhosphoSitePlus","ETRsRHssyPAGtEE","2.701","2.701","0.00691","0.0947"
"P68181","PKACB","Prkacb","Q61337","Bad","S112","Signor","ETRsRHssyPAGtEE","2.701","2.701","0.00691","0.0947"
"Q62074","PKCI","Prkci","Q61337","Bad","S112","Signor","ETRsRHssyPAGtEE","2.701","2.701","0.00691","0.0947"
"Q62101","PRKD1","Prkd1","Q61337","Bad","S112","Signor","ETRsRHssyPAGtEE","2.701","2.701","0.00691","0.0947"
"Q8C015","PAK5","Pak7","Q61337","Bad","S112","PhosphoSitePlus","ETRsRHssyPAGtEE","2.701","2.701","0.00691","0.0947"
"Q8C050","MSK1","Rps6ka5","Q61337","Bad","S112","PhosphoSitePlus","ETRsRHssyPAGtEE","2.701","2.701","0.00691","0.0947"
"Q91Y86","JNK1","Mapk8","Q61337","Bad","S112","PhosphoSitePlus","ETRsRHssyPAGtEE","2.701","2.701","0.00691","0.0947"
"Q99N57","RAF1","Raf1","Q61337","Bad","S112","PhosphoSitePlus","ETRsRHssyPAGtEE","2.701","2.701","0.00691","0.0947"
"O88643","PAK1","Pak1","Q61337","Bad","S136","PhosphoSitePlus","PFRGRsRsAPPNLWA","-4.35","-4.35","0.0000136","0.000506"
"P05132","PKACA","Prkaca","Q61337","Bad","S136","PhosphoSitePlus","PFRGRsRsAPPNLWA","-4.35","-4.35","0.0000136","0.000506"
"P06803","Pim1","Pim1","Q61337","Bad","S136","PhosphoSitePlus","PFRGRsRsAPPNLWA","-4.35","-4.35","0.0000136","0.000506"
"P16054","PKCE","Prkce","Q61337","Bad","S136","Signor","PFRGRsRsAPPNLWA","-4.35","-4.35","0.0000136","0.000506"
"P18653","p90RSK","Rps6ka1","Q61337","Bad","S136","PhosphoSitePlus","PFRGRsRsAPPNLWA","-4.35","-4.35","0.0000136","0.000506"
"P31750","Akt1","Akt1","Q61337","Bad","S136","PhosphoSitePlus","PFRGRsRsAPPNLWA","-4.35","-4.35","0.0000136","0.000506"
"P58750","Pim3","Pim3","Q61337","Bad","S136","PhosphoSitePlus","PFRGRsRsAPPNLWA","-4.35","-4.35","0.0000136","0.000506"
"P68181","PKACB","Prkacb","Q61337","Bad","S136","Signor","PFRGRsRsAPPNLWA","-4.35","-4.35","0.0000136","0.000506"
"Q60823","Akt2","Akt2","Q61337","Bad","S136","Signor","PFRGRsRsAPPNLWA","-4.35","-4.35","0.0000136","0.000506"
"Q62074","PKCI","Prkci","Q61337","Bad","S136","Signor","PFRGRsRsAPPNLWA","-4.35","-4.35","0.0000136","0.000506"
"Q62101","PRKD1","Prkd1","Q61337","Bad","S136","Signor","PFRGRsRsAPPNLWA","-4.35","-4.35","0.0000136","0.000506"
"Q9WUA6","Akt3","Akt3","Q61337","Bad","S136","Signor","PFRGRsRsAPPNLWA","-4.35","-4.35","0.0000136","0.000506"
"P31750","Akt1","Akt1","Q61823","Pdcd4","S457","Signor","RGRKRFVsEGDGGRL","0.316","0.316","0.752","1.00"
"Q61846","MELK","Melk","Q61846","Melk","S497","Signor","sPERRCRsMDVDLNQ","-0.058","-0.058","0.954","1.00"
"Q61846","MELK","Melk","Q61846","Melk","S521","Signor","KGTNVFGsLERGLDK","-0.122","-0.122","0.903","1.00"
"O70126","AurB","Aurkb","Q61937","Npm1","S125","PhosphoSitePlus","AVEEDAEsEDEDEED","-0.376","-0.376","0.707","1.00"
"P05132","PKACA","Prkaca","Q61937","Npm1","S125","PhosphoSitePlus","AVEEDAEsEDEDEED","-0.376","-0.376","0.707","1.00"
"Q60737","CK2A1","Csnk2a1","Q61937","Npm1","S125","PhosphoSitePlus","AVEEDAEsEDEDEED","-0.376","-0.376","0.707","1.00"
"P11440","CDK1","Cdk1","Q61937","Npm1","S70","Signor","EAMNyEGsPIKVtLA","-0.234","-0.234","0.815","1.00"
"P97377","CDK2","Cdk2","Q61937","Npm1","S70","Signor","EAMNyEGsPIKVtLA","-0.234","-0.234","0.815","1.00"
"P11440","CDK1","Cdk1","Q61937","Npm1","T198","Signor","VKKsVRdtPAKNAQK","0.142","0.142","0.887","1.00"
"P97377","CDK2","Cdk2","Q61937","Npm1","T198","PhosphoSitePlus","VKKsVRdtPAKNAQK","0.142","0.142","0.887","1.00"
"Q9JLN9","mTOR","Mtor","Q62188","Dpysl3","S522","PhosphoSitePlus","PAGstRGsPtRPNPP","1.666","1.666","0.0958","1.00"
"Q9WV60","GSK3B","Gsk3b","Q62188","Dpysl3","S522","Signor","PAGstRGsPtRPNPP","1.666","1.666","0.0958","1.00"
"P49615","CDK5","Cdk5","Q62188","Dpysl3","T514","Signor","tttPkGGtPAGstRG","2.701","2.701","0.00691","0.0947"
"Q5U4C9","DYRK2","Dyrk2","Q62188","Dpysl3","T514","Signor","tttPkGGtPAGstRG","2.701","2.701","0.00691","0.0947"
"Q9WV60","GSK3B","Gsk3b","Q62188","Dpysl3","T514","Signor","tttPkGGtPAGstRG","2.701","2.701","0.00691","0.0947"
"P63085","ERK2","Mapk1","Q62245","Sos1","S1164","Signor","IMSKHLDsPPAIPPR","0.294","0.294","0.769","1.00"
"Q63844","ERK1","Mapk3","Q62245","Sos1","S1164","Signor","IMSKHLDsPPAIPPR","0.294","0.294","0.769","1.00"
"P28867","PKCD","Prkcd","Q62318","Trim28","S473","PhosphoSitePlus","SGMkRsRsGEGEVSG","0.194","0.194","0.846","1.00"
"Q8C050","MSK1","Rps6ka5","Q62318","Trim28","S473","PhosphoSitePlus","SGMkRsRsGEGEVSG","0.194","0.194","0.846","1.00"
"Q62388","ATM","Atm","Q62388","Atm","S1987","PhosphoSitePlus","SPTFEEGsQGTTIsS","-4.35","-4.35","0.0000136","0.000506"
"Q9JKK8","ATR","Atr","Q62388","Atm","S1987","Signor","SPTFEEGsQGTTIsS","-4.35","-4.35","0.0000136","0.000506"
"Q9WVC6","SGK1","Sgk1","Q62433","Ndrg1","S330","Signor","LMRsRtAsGssVtsL","-0.553","-0.553","0.581","1.00"
"Q9WVC6","SGK1","Sgk1","Q62433","Ndrg1","T346","PhosphoSitePlus","GtRsRsHtsEGPRsR","0.161","0.161","0.872","1.00"
"P31938","MEK1","Map2k1","Q63844","Mapk3","T203","PhosphoSitePlus","HDHtGFLtEyVAtRW","0.723","0.723","0.470","1.00"
"Q63844","ERK1","Mapk3","Q63844","Mapk3","T203","Signor","HDHtGFLtEyVAtRW","0.723","0.723","0.470","1.00"
"P06240","Lck","Lck","Q63844","Mapk3","Y205","Signor","HtGFLtEyVAtRWyR","0.723","0.723","0.470","1.00"
"P31938","MEK1","Map2k1","Q63844","Mapk3","Y205","PhosphoSitePlus","HtGFLtEyVAtRWyR","0.723","0.723","0.470","1.00"
"P35546","Ret","Ret","Q63844","Mapk3","Y205","Signor","HtGFLtEyVAtRWyR","0.723","0.723","0.470","1.00"
"Q63844","ERK1","Mapk3","Q63844","Mapk3","Y205","Signor","HtGFLtEyVAtRWyR","0.723","0.723","0.470","1.00"
"P49615","CDK5","Cdk5","Q63932","Map2k2","T395","PhosphoSitePlus","LRLKQPstPtRTAV_","-0.091","-0.091","0.928","1.00"
"Q9JLN9","mTOR","Mtor","Q64512","Ptpn13","S1073","PhosphoSitePlus","DTLHKRWsIVssPER","0.493","0.493","0.622","1.00"
"P97377","CDK2","Cdk2","Q64700","Rbl2","S1108","Signor","LLDDGSEsPAkRICP","-0.058","-0.058","0.954","1.00"
"P30285","CDK4","Cdk4","Q64701","Rbl1","T369","Signor","KRSFAPstPLTGRRY","-0.27","-0.27","0.787","1.00"
"Q91VJ4","NDR1","Stk38","Q68EF0","Rab3ip","S240","PhosphoSitePlus","RGHTRNKsTSsAMGG","-0.233","-0.233","0.816","1.00"
"P47811","P38A","Mapk14","Q68FE6","Ripor1","S875","PhosphoSitePlus","PGDRHTssPEVVAED","0.266","0.266","0.790","1.00"
"P05132","PKACA","Prkaca","Q6P4S6","Sik3","S493","PhosphoSitePlus","GPLGRRAsDGGANIQ","0.228","0.228","0.820","1.00"
"Q60737","CK2A1","Csnk2a1","Q6P542","Abcf1","S107","Signor","KQLsVPAsDEEDEVP","-0.318","-0.318","0.751","1.00"
"Q60737","CK2A1","Csnk2a1","Q6P542","Abcf1","S138","Signor","EALIQDDsEEEEEEE","-0.29","-0.29","0.772","1.00"
"P05480","Src iso1","Src","Q6P549","Inppl1","Y987","Signor","NSFNNPAyyVLEGVP","0.769","0.769","0.442","1.00"
"P11440","CDK1","Cdk1","Q6P9P6","Kif11","T925","Signor","LDIPtGMtPERKKYL","0.036","0.036","0.971","1.00"
"P16879","Fes","Fes","Q6PAJ1","Bcr","Y178","Signor","ADAEKPFyVNVEFHH","2.701","2.701","0.00691","0.0947"
"Q60737","CK2A1","Csnk2a1","Q6PAJ1","Bcr","Y178","PhosphoSitePlus","ADAEKPFyVNVEFHH","2.701","2.701","0.00691","0.0947"
"P63085","ERK2","Mapk1","Q6PDH0","Phldb1","S445","PhosphoSitePlus","RTLQPPEsPRLGRRG","-0.012","-0.012","0.990","1.00"
"P63085","ERK2","Mapk1","Q6PDH0","Phldb1","S463","PhosphoSitePlus","MRELPPLsPsLsRRA","-0.008","-0.008","0.993","1.00"
"Q61214","DYRK1A","Dyrk1a","Q6PDM2","Srsf1","S238","Signor","sRGsPRysPRHsRsR","-0.198","-0.198","0.843","1.00"
"P11440","CDK1","Cdk1","Q6PFD9","Nup98","S623","Signor","HDsEDLAsPsEyPEN","-0.116","-0.116","0.908","1.00"
"P63085","ERK2","Mapk1","Q6Y7W8","Gigyf2","S30","PhosphoSitePlus","sItsPPLsPALPKYK","0.975","0.975","0.329","1.00"
"Q9JLN9","mTOR","Mtor","Q6ZQ58","Larp1","S743","PhosphoSitePlus","EPStIARsLPttVPE","0.55","0.55","0.583","1.00"
"P63085","ERK2","Mapk1","Q6ZQ58","Larp1","S751","PhosphoSitePlus","LPttVPEsPNyRNAR","0.55","0.55","0.583","1.00"
"Q9JLN9","mTOR","Mtor","Q6ZQ58","Larp1","S751","PhosphoSitePlus","LPttVPEsPNyRNAR","0.55","0.55","0.583","1.00"
"Q60737","CK2A1","Csnk2a1","Q7TNV0","Dek","S33","Signor","MPGPREEsEEEEEDD","-0.067","-0.067","0.947","1.00"
"P63085","ERK2","Mapk1","Q7TPV4","Mybbp1a","S1280","PhosphoSitePlus","VNGAtPVsPIEPEsK","0.088","0.088","0.930","1.00"
"P63085","ERK2","Mapk1","Q7TSC1","Prrc2a","S1002","PhosphoSitePlus","tPPGGNLsPAPRLRR","0.6","0.6","0.549","1.00"
"P63085","ERK2","Mapk1","Q7TSC1","Prrc2a","S1217","PhosphoSitePlus","KLISGPLsPMsRAGN","0.92","0.92","0.357","1.00"
"P63085","ERK2","Mapk1","Q7TSC1","Prrc2a","T609","PhosphoSitePlus","EEVPPPttPPAPKME","0.414","0.414","0.679","1.00"
"Q9JLN9","mTOR","Mtor","Q7TT50","Cdc42bpb","S1692","PhosphoSitePlus","SNPsGPPsPNsPHRS","2.701","2.701","0.00691","0.0947"
"P47811","P38A","Mapk14","Q80XI4","Pip4k2b","S326","Signor","syGtPPDsPGNLLsF","0.316","0.316","0.752","1.00"
"Q9JLN9","mTOR","Mtor","Q80YS6","Afap1","S669","PhosphoSitePlus","SGTssPQsPVFRHRt","0.106","0.106","0.915","1.00"
"P63085","ERK2","Mapk1","Q811L6","Mast4","S1436","PhosphoSitePlus","KsAEPPRsPLLKRVQ","2.701","2.701","0.00691","0.0947"
"P05132","PKACA","Prkaca","Q812A2","Srgap3","S858","PhosphoSitePlus","MGRVRLRsDGAAIPR","0.707","0.707","0.480","1.00"
"Q8BG48","DRAK2","Stk17b","Q8BG48","Stk17b","S362","PhosphoSitePlus","RFDDSLPsPHELVPD","0.685","0.685","0.494","1.00"
"P18653","p90RSK","Rps6ka1","Q8BGD9","Eif4b","S422","PhosphoSitePlus","RERsRtGsEssQtGA","-4.35","-4.35","0.0000136","0.000506"
"P31750","Akt1","Akt1","Q8BGD9","Eif4b","S422","PhosphoSitePlus","RERsRtGsEssQtGA","-4.35","-4.35","0.0000136","0.000506"
"Q8BSK8","p70S6K","Rps6kb1","Q8BGD9","Eif4b","S422","PhosphoSitePlus","RERsRtGsEssQtGA","-4.35","-4.35","0.0000136","0.000506"
"P63085","ERK2","Mapk1","Q8BTI8","Srrm2","S1068","PhosphoSitePlus","GsLsRsssPVtELtA","0.159","0.159","0.874","1.00"
"Q63844","ERK1","Mapk3","Q8BTI8","Srrm2","S1068","PhosphoSitePlus","GsLsRsssPVtELtA","0.159","0.159","0.874","1.00"
"O88643","PAK1","Pak1","Q8BTM8","Flna","S2152","Signor","TRRRRAPsVANIGsH","0.24","0.24","0.811","1.00"
"P05132","PKACA","Prkaca","Q8BTM8","Flna","S2152","Signor","TRRRRAPsVANIGsH","0.24","0.24","0.811","1.00"
"P18653","p90RSK","Rps6ka1","Q8BTM8","Flna","S2152","PhosphoSitePlus","TRRRRAPsVANIGsH","0.24","0.24","0.811","1.00"
"Q8BTW9","PAK4","Pak4","Q8BTW9","Pak4","S476","Signor","KEVPRRKsLVGtPYW","-0.052","-0.052","0.958","1.00"
"P30285","CDK4","Cdk4","Q8BUN5","Smad3","T8","Signor","MSSILPFtPPIVKRL","0.476","0.476","0.634","1.00"
"P97377","CDK2","Cdk2","Q8BUN5","Smad3","T8","Signor","MSSILPFtPPIVKRL","0.476","0.476","0.634","1.00"
"P11440","CDK1","Cdk1","Q8BYR2","Lats1","S612","Signor","EKKQIttsPITVRKN","0.102","0.102","0.919","1.00"
"P47811","P38A","Mapk14","Q8C1D8","Iws1","S183","PhosphoSitePlus","EPPKPRIsDsEsEEL","0.11","0.11","0.912","1.00"
"P47811","P38A","Mapk14","Q8C1D8","Iws1","S185","PhosphoSitePlus","PKPRIsDsEsEELPK","0.11","0.11","0.912","1.00"
"Q9JLN9","mTOR","Mtor","Q8C6M1","Usp20","S132","PhosphoSitePlus","AVADEGEsEsEDDDL","0.335","0.335","0.737","1.00"
"Q9JLN9","mTOR","Mtor","Q8C6M1","Usp20","S134","PhosphoSitePlus","ADEGEsEsEDDDLKP","0.322","0.322","0.748","1.00"
"P05132","PKACA","Prkaca","Q8CFH6","Sik2","S587","PhosphoSitePlus","FREGRRAsDtsLTQG","0.098","0.098","0.922","1.00"
"Q02111","PKCT","Prkcq","Q8CHG7","Rapgef2","S960","Signor","KKRVRRssFLNAKKL","2.701","2.701","0.00691","0.0947"
"Q5EG47","AMPKA1","Prkaa1","Q8CHY6","Gatad2a","S96","PhosphoSitePlus","KSEKRPPsPDVIVLs","-0.053","-0.053","0.958","1.00"
"Q9JLN9","mTOR","Mtor","Q8CIL4","2810004N23Rik","S67","PhosphoSitePlus","EPLPLPGsPVRGQKK","0.224","0.224","0.823","1.00"
"Q8CIN4","PAK2","Pak2","Q8CIN4","Pak2","S141","Signor","TVkQKyLsFtPPEKD","-0.57","-0.57","0.569","1.00"
"P49138","MAPKAPK2","Mapkapk2","Q8CJG0","Ago2","S388","Signor","SKLMRsAsFNTDPYV","0.634","0.634","0.526","1.00"
"Q9WUA6","Akt3","Akt3","Q8CJG0","Ago2","S388","Signor","SKLMRsAsFNTDPYV","0.634","0.634","0.526","1.00"
"P18653","p90RSK","Rps6ka1","Q8K4Q0","Rptor","S722","Signor","PRLRsVssyGNIRAV","-0.063","-0.063","0.950","1.00"
"Q5EG47","AMPKA1","Prkaa1","Q8K4Q0","Rptor","S722","PhosphoSitePlus","PRLRsVssyGNIRAV","-0.063","-0.063","0.950","1.00"
"P63085","ERK2","Mapk1","Q8K4Q0","Rptor","S863","Signor","LtQsAPAsPtNKGMH","0.28","0.28","0.779","1.00"
"Q63844","ERK1","Mapk3","Q8K4Q0","Rptor","S863","Signor","LtQsAPAsPtNKGMH","0.28","0.28","0.779","1.00"
"Q9JLN9","mTOR","Mtor","Q8K4Q0","Rptor","S863","Signor","LtQsAPAsPtNKGMH","0.28","0.28","0.779","1.00"
"Q9WUI1","P38B","Mapk11","Q8K4Q0","Rptor","S863","Signor","LtQsAPAsPtNKGMH","0.28","0.28","0.779","1.00"
"Q9WUN2","TBK1","Tbk1","Q8K4Q0","Rptor","S877","PhosphoSitePlus","HMHQVGGsPPASsts","0.08","0.08","0.937","1.00"
"P63085","ERK2","Mapk1","Q8K4R9","Dlgap5","S328","PhosphoSitePlus","SYQVAPLsPRSANAF","-0.174","-0.174","0.861","1.00"
"P05132","PKACA","Prkaca","Q8K4Z3","Apoa1bp","S43","PhosphoSitePlus","WGTQRRGsEtMAGAA","-0.322","-0.322","0.747","1.00"
"P63085","ERK2","Mapk1","Q8R1Q8","Dync1li1","S516","PhosphoSitePlus","VsPttPtsPtEGEAs","2.701","2.701","0.00691","0.0947"
"P11440","CDK1","Cdk1","Q8R349","Cdc16","S560","Signor","kTLKNIIsPPWDFRD","0.178","0.178","0.859","1.00"
"Q91VJ4","NDR1","Stk38","Q8R361","Rab11fip5","S307","PhosphoSitePlus","LTHKRtysDEAsQLR","0.59","0.59","0.555","1.00"
"Q60737","CK2A1","Csnk2a1","Q8VDD5","Myh9","S1943","Signor","RKGtGDCsDEEVDGK","-0.698","-0.698","0.485","1.00"
"P20444","PKCA","Prkca","Q8VDU0","Gpsm2","S408","PhosphoSitePlus","AKLGRRHsMENLELM","-0.109","-0.109","0.913","1.00"
"Q2NL51","GSK3A","Gsk3a","Q8VI36","Pxn","S126","PhosphoSitePlus","sFPNKQksAEPsPtV","2.701","2.701","0.00691","0.0947"
"Q63844","ERK1","Mapk3","Q8VI36","Pxn","S130","PhosphoSitePlus","KQksAEPsPtVMsss","2.701","2.701","0.00691","0.0947"
"Q63844","ERK1","Mapk3","Q8VI36","Pxn","S83","PhosphoSitePlus","yAHQQPPsPLPVyss","0.356","0.356","0.722","1.00"
"P05480","Src iso1","Src","Q8VI36","Pxn","Y118","PhosphoSitePlus","AGEEEHVysFPNKQk","-1.051","-1.051","0.293","1.00"
"P34152","FAK iso2","Ptk2","Q8VI36","Pxn","Y118","Signor","AGEEEHVysFPNKQk","-1.051","-1.051","0.293","1.00"
"P05132","PKACA","Prkaca","Q91V92","Acly","S455","Signor","PAPsRtAsFsEsRAD","0.993","0.993","0.321","1.00"
"P31750","Akt1","Akt1","Q91V92","Acly","S455","PhosphoSitePlus","PAPsRtAsFsEsRAD","0.993","0.993","0.321","1.00"
"Q60823","Akt2","Akt2","Q91V92","Acly","S455","Signor","PAPsRtAsFsEsRAD","0.993","0.993","0.321","1.00"
"Q60670","SIK","Sik1","Q91X84","Crtc3","S62","PhosphoSitePlus","LtQyHGGsLPNVSQL","0.358","0.358","0.720","1.00"
"Q8CFH6","QIK","Sik2","Q91X84","Crtc3","S62","PhosphoSitePlus","LtQyHGGsLPNVSQL","0.358","0.358","0.720","1.00"
"P00520","Abl","Abl1","Q91YD9","Wasl","Y253","Signor","RETSKVIyDFIEKTG","-0.285","-0.285","0.776","1.00"
"P34152","FAK iso2","Ptk2","Q91YD9","Wasl","Y253","PhosphoSitePlus","RETSKVIyDFIEKTG","-0.285","-0.285","0.776","1.00"
"P70335","ROCK1","Rock1","Q91YM2","Grlf1","S1150","Signor","LERGRKVsAVSKPVL","0.838","0.838","0.402","1.00"
"P05480","Src iso1","Src","Q91YM2","Grlf1","Y1105","Signor","RNEEENIysVPHDST","0.471","0.471","0.638","1.00"
"Q01279","EGFR","Egfr","Q91YM2","Grlf1","Y1105","PhosphoSitePlus","RNEEENIysVPHDST","0.471","0.471","0.638","1.00"
"P05132","PKACA","Prkaca","Q91ZX7","Lrp1","S4521","Signor","GGHGSRHsLAstDEK","0.213","0.213","0.832","1.00"
"P20444","PKCA","Prkca","Q91ZX7","Lrp1","S4521","Signor","GGHGSRHsLAstDEK","0.213","0.213","0.832","1.00"
"P20444","PKCA","Prkca","Q91ZX7","Lrp1","S4524","Signor","GSRHsLAstDEKREL","0.187","0.187","0.852","1.00"
"P31750","Akt1","Akt1","Q921I6","Sh3bp4","S245","PhosphoSitePlus","FRsKRsYsLSELsVL","-0.457","-0.457","0.648","1.00"
"Q62101","PRKD1","Prkd1","Q921Q7","Rin1","S340","Signor","RPLLRsMssAFCSLL","0.217","0.217","0.828","1.00"
"P00520","Abl","Abl1","Q921Q7","Rin1","Y35","PhosphoSitePlus","KPstDPLyDTPDTRG","0.706","0.706","0.480","1.00"
"Q4JIM5","Arg","Abl2","Q921Q7","Rin1","Y35","PhosphoSitePlus","KPstDPLyDTPDTRG","0.706","0.706","0.480","1.00"
"Q923J1","ChaK1","Trpm7","Q923J1","Trpm7","S1403","PhosphoSitePlus","PPtKFsVstPsQPSC","0.078","0.078","0.937","1.00"
"P18653","p90RSK","Rps6ka1","Q924A2","Cic","S1080","Signor","PGKRRtQsLsALPKE","2.701","2.701","0.00691","0.0947"
"P18654","RSK2","Rps6ka3","Q924A2","Cic","S1080","Signor","PGKRRtQsLsALPKE","2.701","2.701","0.00691","0.0947"
"P83741","WNK1","Wnk1","Q924N4","Slc12a6","T1048","Signor","YQEKVHMtWtKDKYM","-0.147","-0.147","0.883","1.00"
"P11798","CAMK2A","Camk2a","Q99104","Myo5a","S1650","PhosphoSitePlus","GLRKRtssIADEGty","2.701","2.701","0.00691","0.0947"
"Q60823","Akt2","Akt2","Q99104","Myo5a","S1650","PhosphoSitePlus","GLRKRtssIADEGty","2.701","2.701","0.00691","0.0947"
"P05132","PKACA","Prkaca","Q99J21","Mcoln1","S557","Signor","sGkFRRGsGsACSLF","-0.254","-0.254","0.799","1.00"
"Q99KH8","MST3","Stk24","Q99KH8","Stk24","T178","Signor","DtQIKRNtFVGtPFW","-0.22","-0.22","0.826","1.00"
"Q01279","EGFR","Egfr","Q99LI8","Hgs","Y334","Signor","ARyLNRNyWEKKQEE","-0.857","-0.857","0.391","1.00"
"Q2NL51","GSK3A","Gsk3a","Q99LW6","Yaf2","S166","PhosphoSitePlus","RGVsRsssPRGEAss","-0.047","-0.047","0.963","1.00"
"P63085","ERK2","Mapk1","Q99N57","Raf1","S301","Signor","sssPNNLsPtGWsQP","0.086","0.086","0.931","1.00"
"Q63844","ERK1","Mapk3","Q99N57","Raf1","S301","Signor","sssPNNLsPtGWsQP","0.086","0.086","0.931","1.00"
"P05132","PKACA","Prkaca","Q99N57","Raf1","S43","Signor","FGYQRRAsDDGKLTD","0.043","0.043","0.966","1.00"
"P20444","PKCA","Prkca","Q99N57","Raf1","S43","Signor","FGYQRRAsDDGKLTD","0.043","0.043","0.966","1.00"
"P63085","ERK2","Mapk1","Q99N57","Raf1","S43","Signor","FGYQRRAsDDGKLTD","0.043","0.043","0.966","1.00"
"P97377","CDK2","Cdk2","Q99NB9","Sf3b1","T244","Signor","GRAKGsEtPGAtPGs","-0.096","-0.096","0.923","1.00"
"P97377","CDK2","Cdk2","Q99NB9","Sf3b1","T313","Signor","HGsGWAEtPRtDRGG","-0.099","-0.099","0.921","1.00"
"Q61214","DYRK1A","Dyrk1a","Q99NB9","Sf3b1","T434","Signor","PARKLtAtPtPLGGM","-4.35","-4.35","0.0000136","0.000506"
"Q05512","MARK2","Mark2","Q99NH2","Pard3","S869","Signor","VDDQRAGsPsRDVGP","-0.089","-0.089","0.929","1.00"
"P49138","MAPKAPK2","Mapkapk2","Q99P72","Rtn4","S105","Signor","tAPERQPsWERsPAA","-0.084","-0.084","0.933","1.00"
"P47811","P38A","Mapk14","Q9CQF4","1700021F05Rik","S106","PhosphoSitePlus","KEADEEDsDEETsyP","-0.192","-0.192","0.848","1.00"
"P39688","Fyn","Fyn","Q9CQW9","Ifitm3","Y20","PhosphoSitePlus","SGGQPPNyERIkEEy","1.412","1.412","0.158","1.00"
"P39688","Fyn","Fyn","Q9CQW9","Ifitm3","Y27","PhosphoSitePlus","yERIkEEyEVAEMGA","1.48","1.48","0.139","1.00"
"Q5U4C9","DYRK2","Dyrk2","Q9CR86","Carhsp1","S31","Signor","TPRtRDRsPsPLRGN","0.263","0.263","0.793","1.00"
"Q5U4C9","DYRK2","Dyrk2","Q9CR86","Carhsp1","S33","Signor","RtRDRsPsPLRGNVV","0.182","0.182","0.855","1.00"
"Q5U4C9","DYRK2","Dyrk2","Q9CR86","Carhsp1","S42","Signor","LRGNVVPsPLPtRRT","0.182","0.182","0.855","1.00"
"P18653","p90RSK","Rps6ka1","Q9CR86","Carhsp1","S53","Signor","tRRTRtFsAtVRAsQ","0.243","0.243","0.808","1.00"
"P31750","Akt1","Akt1","Q9CR86","Carhsp1","S53","Signor","tRRTRtFsAtVRAsQ","0.243","0.243","0.808","1.00"
"P18653","p90RSK","Rps6ka1","Q9CT10","Ranbp3","S58","Signor","VKRERtssLtHsEEK","0.496","0.496","0.620","1.00"
"P31750","Akt1","Akt1","Q9CT10","Ranbp3","S58","Signor","VKRERtssLtHsEEK","0.496","0.496","0.620","1.00"
"Q63844","ERK1","Mapk3","Q9CT10","Ranbp3","S58","PhosphoSitePlus","VKRERtssLtHsEEK","0.496","0.496","0.620","1.00"
"Q60737","CK2A1","Csnk2a1","Q9CW03","Smc3","S1067","Signor","GDVEGsQsQDEGEGs","0.073","0.073","0.942","1.00"
"P63085","ERK2","Mapk1","Q9CWK8","Snx2","T104","PhosphoSitePlus","sPAVtPVtPttLIAP","0.357","0.357","0.721","1.00"
"Q9JLN9","mTOR","Mtor","Q9D1F4","Akt1s1","S184","Signor","PTQQYAKsLPVSVPV","-0.543","-0.543","0.587","1.00"
"Q9JLN9","mTOR","Mtor","Q9D1F4","Akt1s1","S213","Signor","EENGPPssPDLDRIA","-0.118","-0.118","0.906","1.00"
"P31750","Akt1","Akt1","Q9D1F4","Akt1s1","T247","Signor","LPRPRLNtsDFQKLK","0.693","0.693","0.489","1.00"
"Q60823","Akt2","Akt2","Q9D1F4","Akt1s1","T247","Signor","LPRPRLNtsDFQKLK","0.693","0.693","0.489","1.00"
"Q9JLN9","mTOR","Mtor","Q9D7P6","Iscu","S15","Signor","GRLRRAAsALLLRsP","-0.068","-0.068","0.946","1.00"
"P97377","CDK2","Cdk2","Q9DBC7","Prkar1a","S83","Signor","DsREDEIsPPPPNPV","-0.362","-0.362","0.717","1.00"
"Q9WV60","GSK3B","Gsk3b","Q9DBD5","Pelp1","T751","PhosphoSitePlus","PVLAPsGtPPPsIPP","-0.208","-0.208","0.835","1.00"
"O88643","PAK1","Pak1","Q9DBJ1","Pgam1","S118","Signor","QVkIWRRsyDVPPPP","-0.564","-0.564","0.573","1.00"
"P70268","PKN1","Pkn1","Q9DBJ1","Pgam1","S118","Signor","QVkIWRRsyDVPPPP","-0.564","-0.564","0.573","1.00"
"O55222","ILK","Ilk","Q9DBR7","Ppp1r12a","T694","Signor","ARQSRRstQGVTLTD","-0.223","-0.223","0.823","1.00"
"P70335","ROCK1","Rock1","Q9DBR7","Ppp1r12a","T694","PhosphoSitePlus","ARQSRRstQGVTLTD","-0.223","-0.223","0.823","1.00"
"Q60737","CK2A1","Csnk2a1","Q9DCL8","Ppp1r2","S122","Signor","YRtREQEssGEEDND","-0.298","-0.298","0.766","1.00"
"Q60737","CK2A1","Csnk2a1","Q9DCL8","Ppp1r2","S123","Signor","RtREQEssGEEDNDL","-0.298","-0.298","0.766","1.00"
"Q60737","CK2A1","Csnk2a1","Q9DCL8","Ppp1r2","S88","Signor","GDDEDAysDsEGNEV","-0.422","-0.422","0.673","1.00"
"P63085","ERK2","Mapk1","Q9EP71","Rai14","T249","PhosphoSitePlus","SQDADLKtPtKPKQH","0.936","0.936","0.349","1.00"
"Q8BYR2","LATS1","Lats1","Q9EPK5","Wwtr1","S89","PhosphoSitePlus","AQHVRSHssPAsLQL","-0.018","-0.018","0.986","1.00"
"Q63844","ERK1","Mapk3","Q9ERG0","Lima1","S360","PhosphoSitePlus","PMHPKPLsPDARTSs","0.119","0.119","0.905","1.00"
"Q63844","ERK1","Mapk3","Q9ERG0","Lima1","S602","PhosphoSitePlus","FRTSsIKsPKAssPS","0.428","0.428","0.669","1.00"
"P47811","P38A","Mapk14","Q9ERU9","Ranbp2","S2505","PhosphoSitePlus","KNRPGyVsEEEEDDE","-0.325","-0.325","0.745","1.00"
"Q60737","CK2A1","Csnk2a1","Q9EST5","Anp32b","T265","Signor","GEKRKREtDDEGEDD","-0.083","-0.083","0.934","1.00"
"Q60737","CK2A1","Csnk2a1","Q9JHI7","Exosc9","S393","Signor","QGAPIVLsDsEEEEM","-0.026","-0.026","0.980","1.00"
"Q60737","CK2A1","Csnk2a1","Q9JHI7","Exosc9","S395","Signor","APIVLsDsEEEEMII","-0.026","-0.026","0.980","1.00"
"Q63844","ERK1","Mapk3","Q9JK92","Hspb8","S87","Signor","GVPAEGRsPPPFPGE","0.371","0.371","0.710","1.00"
"P05132","PKACA","Prkaca","Q9QYB8","Add2","S712","Signor","KKKFRtPsFLKKSKK","-0.079","-0.079","0.937","1.00"
"P20444","PKCA","Prkca","Q9QYB8","Add2","S712","Signor","KKKFRtPsFLKKSKK","-0.079","-0.079","0.937","1.00"
"P28867","PKCD","Prkcd","Q9QYB8","Add2","S712","Signor","KKKFRtPsFLKKSKK","-0.079","-0.079","0.937","1.00"
"Q02956","PKCZ","Prkcz","Q9QYB8","Add2","S712","Signor","KKKFRtPsFLKKSKK","-0.079","-0.079","0.937","1.00"
"P05132","PKACA","Prkaca","Q9QYC0","Add1","S436","Signor","tCsPLRHsFQKQQRE","-0.528","-0.528","0.597","1.00"
"O70405","ULK1","Ulk1","Q9R0M6","Rab9a","S179","PhosphoSitePlus","ILAtEDRsEHLIQTD","-0.076","-0.076","0.939","1.00"
"Q60737","CK2A1","Csnk2a1","Q9R0Q7","Ptges3","S113","Signor","WKDWEDDsDEDMsNF","-0.156","-0.156","0.876","1.00"
"P0C605","PKG1 iso2","Prkg1","Q9R1Z7","Pts","S18","Signor","ARLSRLVsFSASHRL","-0.086","-0.086","0.931","1.00"
"Q61410","PKG2","Prkg2","Q9R1Z7","Pts","S18","Signor","ARLSRLVsFSASHRL","-0.086","-0.086","0.931","1.00"
"P97377","CDK2","Cdk2","Q9R207","Nbn","S433","PhosphoSitePlus","KtPsYQLsPMKFPVA","-0.454","-0.454","0.650","1.00"
"P05132","PKACA","Prkaca","Q9WTY4","Aqp5","T259","PhosphoSitePlus","HREERKKtIELTAH_","2.701","2.701","0.00691","0.0947"
"P49615","CDK5","Cdk5","Q9WUD1","Stub1","S20","PhosphoSitePlus","LGtGGGGsPDksPsA","-0.202","-0.202","0.840","1.00"
"P05132","PKACA","Prkaca","Q9WV60","Gsk3b","S9","PhosphoSitePlus","SGRPRttsFAEsCKP","0.353","0.353","0.724","1.00"
"P18653","p90RSK","Rps6ka1","Q9WV60","Gsk3b","S9","Signor","SGRPRttsFAEsCKP","0.353","0.353","0.724","1.00"
"P20444","PKCA","Prkca","Q9WV60","Gsk3b","S9","PhosphoSitePlus","SGRPRttsFAEsCKP","0.353","0.353","0.724","1.00"
"P23298","PKCH","Prkch","Q9WV60","Gsk3b","S9","PhosphoSitePlus","SGRPRttsFAEsCKP","0.353","0.353","0.724","1.00"
"P31750","Akt1","Akt1","Q9WV60","Gsk3b","S9","PhosphoSitePlus","SGRPRttsFAEsCKP","0.353","0.353","0.724","1.00"
"P63085","ERK2","Mapk1","Q9WV60","Gsk3b","S9","Signor","SGRPRttsFAEsCKP","0.353","0.353","0.724","1.00"
"P68404","PKCB iso2","Prkcb","Q9WV60","Gsk3b","S9","PhosphoSitePlus","SGRPRttsFAEsCKP","0.353","0.353","0.724","1.00"
"Q02956","PKCZ","Prkcz","Q9WV60","Gsk3b","S9","Signor","SGRPRttsFAEsCKP","0.353","0.353","0.724","1.00"
"Q60823","Akt2","Akt2","Q9WV60","Gsk3b","S9","Signor","SGRPRttsFAEsCKP","0.353","0.353","0.724","1.00"
"Q63844","ERK1","Mapk3","Q9WV60","Gsk3b","S9","Signor","SGRPRttsFAEsCKP","0.353","0.353","0.724","1.00"
"Q8BSK8","p70S6K","Rps6kb1","Q9WV60","Gsk3b","S9","PhosphoSitePlus","SGRPRttsFAEsCKP","0.353","0.353","0.724","1.00"
"Q9WUA6","Akt3","Akt3","Q9WV60","Gsk3b","S9","PhosphoSitePlus","SGRPRttsFAEsCKP","0.353","0.353","0.724","1.00"
"Q60737","CK2A1","Csnk2a1","Q9WVC3","Cav2","S23","Signor","DDAysHHsGVDyADP","-0.437","-0.437","0.662","1.00"
"P20444","PKCA","Prkca","Q9WVE8","Pacsin2","S313","PhosphoSitePlus","ADLNRtLsRREKKKA","-0.367","-0.367","0.714","1.00"
"P06803","Pim1","Pim1","Q9WVH4","Foxo3","S252","Signor","APRRRAVsMDNSNkY","0.671","0.671","0.502","1.00"
"P31750","Akt1","Akt1","Q9WVH4","Foxo3","S252","Signor","APRRRAVsMDNSNkY","0.671","0.671","0.502","1.00"
"Q60823","Akt2","Akt2","Q9WVH4","Foxo3","S252","Signor","APRRRAVsMDNSNkY","0.671","0.671","0.502","1.00"
"Q9WUA6","Akt3","Akt3","Q9WVH4","Foxo3","S252","Signor","APRRRAVsMDNSNkY","0.671","0.671","0.502","1.00"
"Q9WVC6","SGK1","Sgk1","Q9WVH4","Foxo3","S252","Signor","APRRRAVsMDNSNkY","0.671","0.671","0.502","1.00"
"P63085","ERK2","Mapk1","Q9WVH4","Foxo3","S293","PhosphoSitePlus","QLSkWPGsPTSRssD","-0.044","-0.044","0.965","1.00"
"Q63844","ERK1","Mapk3","Q9WVH4","Foxo3","S293","PhosphoSitePlus","QLSkWPGsPTSRssD","-0.044","-0.044","0.965","1.00"
"P47811","P38A","Mapk14","Q9Z0F8","Adam17","T735","Signor","kPFPAPQtPGRLQAL","-0.11","-0.11","0.912","1.00"
"Q63844","ERK1","Mapk3","Q9Z0F8","Adam17","T735","PhosphoSitePlus","kPFPAPQtPGRLQAL","-0.11","-0.11","0.912","1.00"
"P18653","p90RSK","Rps6ka1","Q9Z120","Mettl1","S21","Signor","YYRQRAHsNPMADHT","0.981","0.981","0.326","1.00"
"P31750","Akt1","Akt1","Q9Z120","Mettl1","S21","PhosphoSitePlus","YYRQRAHsNPMADHT","0.981","0.981","0.326","1.00"
"Q60823","Akt2","Akt2","Q9Z1S8","Gab2","T388","PhosphoSitePlus","ATIPRRNtLPAMDNS","-0.315","-0.315","0.753","1.00"
"P31750","Akt1","Akt1","Q9Z1T6","Pikfyve","S307","PhosphoSitePlus","PARNRsAsItNLsLD","-0.028","-0.028","0.978","1.00"
"Q5EG47","AMPKA1","Prkaa1","Q9Z1T6","Pikfyve","S307","PhosphoSitePlus","PARNRsAsItNLsLD","-0.028","-0.028","0.978","1.00"
"Q60737","CK2A1","Csnk2a1","Q9Z204","Hnrnpc","S268","Signor","sEAGADDsAEEGDLL","-0.019","-0.019","0.985","1.00"
"Q8BK63","CK1A","Csnk1a1","Q9Z204","Hnrnpc","S268","Signor","sEAGADDsAEEGDLL","-0.019","-0.019","0.985","1.00"
"Q8BK63","CK1A","Csnk1a1","Q9Z204","Hnrnpc","S306","Signor","EGEDDRDsANGEDDs","0.172","0.172","0.864","1.00"
"Q9Z2A0","PDK1","Pdpk1","Q9Z2A0","Pdpk1","S244","PhosphoSitePlus","SKQARANsFVGtAQy","0.072","0.072","0.942","1.00"
"Q9Z2A0","PDK1","Pdpk1","Q9Z2A0","Pdpk1","S25","Signor","VVLCSCPsPSMVRSQ","0.56","0.56","0.575","1.00"
"P47811","P38A","Mapk14","Q9Z2B9","Rps6ka4","S343","Signor","TRLEPVYsPAGsPPP","0.374","0.374","0.709","1.00"
"P47811","P38A","Mapk14","Q9Z2B9","Rps6ka4","S347","Signor","PVYsPAGsPPPGDPR","0.446","0.446","0.656","1.00"
"Q9QZR5","HIPK2","Hipk2","Q9Z2D6","Mecp2","S80","PhosphoSitePlus","AVPEAsAsPKQRRsI","0.117","0.117","0.907","1.00"
"P11440","CDK1","Cdk1","P02340","Tp53","S309","Signor","LPTCTSASPPQKKKP","-0.153","-0.153","0.878","1.00"
"P97377","CDK2","Cdk2","P02340","Tp53","S309","Signor","LPTCTSASPPQKKKP","-0.153","-0.153","0.878","1.00"
"P97477","AurA","Aurka","P02340","Tp53","S309","Signor","LPTCTSASPPQKKKP","-0.153","-0.153","0.878","1.00"
"Q9WV60","GSK3B","Gsk3b","P49769","Psen1","S357","Signor","PHRSTPESRAAVQEL","0.631","0.631","0.528","1.00"
"P11440","CDK1","Cdk1","Q01279","Egfr","S1028","Signor","PQQGFFNSPSTSRTP","-0.889","-0.889","0.374","1.00"
"P11440","CDK1","Cdk1","Q60710","Samhd1","T603","Signor","DIIAPLITPLKWNNK","0.382","0.382","0.703","1.00"